,Label,left_elbow_angle,right_elbow_angle,left_shoulder_angle,right_shoulder_angle,left_knee_angle,right_knee_angle,angle_for_ardhaChandrasana1,angle_for_ardhaChandrasana2,hand_angle,left_hip_angle,right_hip_angle,neck_angle_uk,left_wrist_angle_bk,right_wrist_angle_bk,NOSE_x,NOSE_y,NOSE_z,NOSE_vis,LEFT_EYE_INNER_x,LEFT_EYE_INNER_y,LEFT_EYE_INNER_z,LEFT_EYE_INNER_vis,LEFT_EYE_x,LEFT_EYE_y,LEFT_EYE_z,LEFT_EYE_vis,LEFT_EYE_OUTER_x,LEFT_EYE_OUTER_y,LEFT_EYE_OUTER_z,LEFT_EYE_OUTER_vis,RIGHT_EYE_INNER_x,RIGHT_EYE_INNER_y,RIGHT_EYE_INNER_z,RIGHT_EYE_INNER_vis,RIGHT_EYE_x,RIGHT_EYE_y,RIGHT_EYE_z,RIGHT_EYE_vis,RIGHT_EYE_OUTER_x,RIGHT_EYE_OUTER_y,RIGHT_EYE_OUTER_z,RIGHT_EYE_OUTER_vis,LEFT_EAR_x,LEFT_EAR_y,LEFT_EAR_z,LEFT_EAR_vis,RIGHT_EAR_x,RIGHT_EAR_y,RIGHT_EAR_z,RIGHT_EAR_vis,MOUTH_LEFT_x,MOUTH_LEFT_y,MOUTH_LEFT_z,MOUTH_LEFT_vis,MOUTH_RIGHT_x,MOUTH_RIGHT_y,MOUTH_RIGHT_z,MOUTH_RIGHT_vis,LEFT_SHOULDER_x,LEFT_SHOULDER_y,LEFT_SHOULDER_z,LEFT_SHOULDER_vis,RIGHT_SHOULDER_x,RIGHT_SHOULDER_y,RIGHT_SHOULDER_z,RIGHT_SHOULDER_vis,LEFT_ELBOW_x,LEFT_ELBOW_y,LEFT_ELBOW_z,LEFT_ELBOW_vis,RIGHT_ELBOW_x,RIGHT_ELBOW_y,RIGHT_ELBOW_z,RIGHT_ELBOW_vis,LEFT_WRIST_x,LEFT_WRIST_y,LEFT_WRIST_z,LEFT_WRIST_vis,RIGHT_WRIST_x,RIGHT_WRIST_y,RIGHT_WRIST_z,RIGHT_WRIST_vis,LEFT_PINKY_x,LEFT_PINKY_y,LEFT_PINKY_z,LEFT_PINKY_vis,RIGHT_PINKY_x,RIGHT_PINKY_y,RIGHT_PINKY_z,RIGHT_PINKY_vis,LEFT_INDEX_x,LEFT_INDEX_y,LEFT_INDEX_z,LEFT_INDEX_vis,RIGHT_INDEX_x,RIGHT_INDEX_y,RIGHT_INDEX_z,RIGHT_INDEX_vis,LEFT_THUMB_x,LEFT_THUMB_y,LEFT_THUMB_z,LEFT_THUMB_vis,RIGHT_THUMB_x,RIGHT_THUMB_y,RIGHT_THUMB_z,RIGHT_THUMB_vis,LEFT_HIP_x,LEFT_HIP_y,LEFT_HIP_z,LEFT_HIP_vis,RIGHT_HIP_x,RIGHT_HIP_y,RIGHT_HIP_z,RIGHT_HIP_vis,LEFT_KNEE_x,LEFT_KNEE_y,LEFT_KNEE_z,LEFT_KNEE_vis,RIGHT_KNEE_x,RIGHT_KNEE_y,RIGHT_KNEE_z,RIGHT_KNEE_vis,LEFT_ANKLE_x,LEFT_ANKLE_y,LEFT_ANKLE_z,LEFT_ANKLE_vis,RIGHT_ANKLE_x,RIGHT_ANKLE_y,RIGHT_ANKLE_z,RIGHT_ANKLE_vis,LEFT_HEEL_x,LEFT_HEEL_y,LEFT_HEEL_z,LEFT_HEEL_vis,RIGHT_HEEL_x,RIGHT_HEEL_y,RIGHT_HEEL_z,RIGHT_HEEL_vis,LEFT_FOOT_INDEX_x,LEFT_FOOT_INDEX_y,LEFT_FOOT_INDEX_z,LEFT_FOOT_INDEX_vis,RIGHT_FOOT_INDEX_x,RIGHT_FOOT_INDEX_y,RIGHT_FOOT_INDEX_z,RIGHT_FOOT_INDEX_vis
0,TRAIN/Cobra/cobra1.jpg,157.7508917,152.2947995,70.4392033,61.8472158,179.7463701,176.5243156,192.0233632,68.4303006,168.2483132,167.865995,165.5423322,295.7143371,151.4917828,143.4774985,0.499048661,0.134202619,-0.299716233,0.998958227,0.501296039,0.13488225,-0.308838437,0.999643093,0.512391878,0.142751324,-0.294757888,0.999781563,0.513352965,0.137535485,-0.305798042,0.998690724,0.490234529,0.133220498,-0.289497527,1.000483734,0.494189696,0.136704957,-0.292028126,0.998352813,0.481873556,0.134625175,-0.296391866,1.000706963,0.530727025,0.142052545,-0.247359303,0.998901219,0.466764315,0.14756988,-0.249063544,0.998364059,0.511341449,0.160782233,-0.269540105,0.9990609,0.493113265,0.160248359,-0.269785129,0.998301445,0.606168429,0.30297712,-0.050230913,1.000646225,0.397760479,0.305208502,-0.040685519,0.998009944,0.612368434,0.499093632,0.012639103,0.999243143,0.372934691,0.501096739,0.017752445,0.999620086,0.614619355,0.645498019,0.024128802,0.999688261,0.386990747,0.653227059,0.022149439,0.999062364,0.615924403,0.664276962,0.015884774,0.998972489,0.374204833,0.662283669,0.032245044,0.999848822,0.630300625,0.667930874,0.015820178,0.99856294,0.375921821,0.66400732,0.020845184,0.999719205,0.623318843,0.658797287,0.023164003,1.000039557,0.374003001,0.648585392,0.022642512,0.999444037,0.555352635,0.678799566,0.038101366,0.998972429,0.452874149,0.680495952,0.032357346,0.999926506,0.554783014,0.820331566,0.024218167,0.99864047,0.44089425,0.81735289,0.020182017,0.99842771,0.549437172,0.936227266,0.006171375,0.998950192,0.451028125,0.948394925,0.002048055,0.997957153,0.529536435,0.952963532,0.006454082,0.997147659,0.463011927,0.959809603,0.002276617,0.998883356,0.527870879,0.968687877,0.0106763,0.997123943,0.46074949,0.962777402,0.017566829,0.998251003
1,TRAIN/Cobra/cobra2.jpg,149.142539,143.854989,72.5897617,63.7854492,180.8411364,178.8257794,197.041009,70.285926,168.1237812,159.1608551,166.7159205,296.1920796,147.5213335,153.9797532,0.509793515,0.146388055,-0.301534831,1.000468674,0.519075577,0.141288071,-0.308672127,0.998553788,0.507694251,0.12938596,-0.305627404,0.999395827,0.523238103,0.138372081,-0.302898655,1.00073471,0.48732103,0.13912837,-0.296796661,1.000630036,0.488387199,0.136250928,-0.295329571,0.999427132,0.489234638,0.136480464,-0.295832454,0.998013238,0.526298697,0.131774565,-0.248815788,1.0006653,0.478237776,0.142850659,-0.240081405,0.998580306,0.503501007,0.146809405,-0.262909271,1.000109164,0.481379451,0.15193919,-0.265222677,0.999512632,0.601661559,0.305941939,-0.05952068,0.999299691,0.394146079,0.295832739,-0.052313987,0.999312828,0.615092162,0.49353372,0.012446634,1.000029031,0.381446038,0.500895387,0.023006035,1.000564734,0.619741123,0.654814474,0.028466972,0.999529278,0.378493896,0.648839069,0.016733402,1.000544914,0.632951197,0.651538451,0.028288087,0.998713468,0.376036228,0.662910609,0.033855839,1.000173721,0.614977637,0.663754713,0.017997038,0.998320372,0.376590254,0.66198101,0.013171472,0.999272396,0.624345969,0.646067913,0.019737068,0.998749245,0.372516609,0.661924476,0.021829827,0.999556897,0.542507499,0.678101362,0.033288758,1.000890762,0.459421869,0.685413011,0.020573436,0.998354688,0.559234864,0.822688298,0.029384888,1.000047304,0.451502759,0.822916193,0.017689417,1.00025751,0.532331501,0.947813834,0.008312322,0.99885726,0.452462286,0.944925098,0.019798954,0.998741589,0.54405093,0.940029913,0.019947638,0.999239816,0.473305412,0.945557697,0.016226155,0.999765158,0.522688546,0.966980593,0.002560119,0.998940148,0.479576967,0.955373297,0.011767662,0.997018853
2,TRAIN/Cobra/cobra3.jpg,156.39431,146.3401084,67.2526175,66.0805206,176.3242432,176.5258561,192.7293348,74.8844327,163.9378735,166.3709315,162.3712182,292.2383653,151.6279764,146.3129381,0.498072108,0.135486956,-0.309461964,0.998392614,0.504906265,0.142166937,-0.308746658,0.998812136,0.512909058,0.13020993,-0.292366358,0.998320337,0.526180078,0.137271122,-0.307799127,0.99905119,0.489792325,0.127564814,-0.295636294,0.999602835,0.490645896,0.130134084,-0.281908082,0.999044177,0.482246811,0.127697102,-0.288347043,0.998373852,0.518654154,0.143706182,-0.252487418,1.000542396,0.481237856,0.135972611,-0.259100376,0.998548996,0.5171663,0.160856256,-0.263712934,0.998870129,0.499456055,0.159859022,-0.273309549,0.998090638,0.604440128,0.294165725,-0.041264177,1.000805632,0.405589751,0.308507192,-0.05488364,0.999547979,0.619622223,0.493611359,0.028212099,0.998486081,0.370015872,0.49937644,0.014824007,0.998500275,0.615053819,0.647223944,0.017559411,0.999916811,0.371673841,0.653732755,0.015848214,1.000188376,0.617976338,0.6518559,0.020214287,0.999845003,0.374159769,0.660341172,0.026792909,0.998450446,0.614270553,0.665496971,0.012161545,0.997541892,0.373444613,0.652877204,0.021910942,0.99880634,0.609895172,0.645886383,0.023967301,0.999813173,0.382040969,0.643195491,0.024461733,0.999007741,0.559300584,0.671715482,0.024122609,0.998152923,0.441841984,0.671298458,0.024576799,0.999344143,0.548251056,0.822626147,0.028905771,0.997844346,0.455968636,0.811552325,0.019122152,0.997936012,0.54342776,0.942617236,0.00640167,0.998403577,0.45661337,0.93908283,0.001057581,0.999426944,0.538033956,0.940045992,0.017274497,0.999465904,0.468130914,0.944887822,0.016172712,0.997216306,0.538841314,0.953584117,0.01486092,0.996936712,0.460664807,0.953693724,0.001084597,0.999776813
3,TRAIN/Cobra/cobra4.jpg,148.9077954,148.3638501,69.7643831,72.3085709,180.4597217,174.1132013,192.2230549,75.9713088,164.6819968,164.8908053,156.1500516,299.6121814,144.327702,147.9062919,0.490733364,0.136300742,-0.304878109,1.000115606,0.511327796,0.125381866,-0.290337921,0.999105386,0.522856729,0.127116133,-0.295196229,0.998321949,0.512713669,0.123732602,-0.309252835,1.000873641,0.484642144,0.144546301,-0.297390166,0.999894518,0.475943831,0.130555614,-0.286899699,0.998186817,0.483265098,0.133278984,-0.299072858,0.998126577,0.530163294,0.13512052,-0.253865054,0.998570881,0.467020575,0.134556498,-0.256513814,0.998444606,0.507576649,0.16445715,-0.264067859,0.998374972,0.494658748,0.15008326,-0.263351923,0.999135161,0.595666165,0.292524808,-0.053914414,0.999401792,0.395968021,0.306083145,-0.047811762,0.99918459,0.610099531,0.495274178,0.020239977,0.999088196,0.375352454,0.504908462,0.02459365,0.99955003,0.617132185,0.648745308,0.019076341,0.999710063,0.382502048,0.657339392,0.014850059,0.999685613,0.626002929,0.662501731,0.018546939,0.998915693,0.369641067,0.658095317,0.030487941,0.998503825,0.616551273,0.655672967,0.031196321,0.998612779,0.373650312,0.664941253,0.017350221,0.999792092,0.615801735,0.645154121,0.025750684,1.000017012,0.38221794,0.65439177,0.018331114,0.998300439,0.545332021,0.685655126,0.027389478,0.998647641,0.45697992,0.683959384,0.023185079,1.000534471,0.555549094,0.828979445,0.028476079,0.99898142,0.454393584,0.823338467,0.016761277,0.999483579,0.543974842,0.943994194,0.008154443,0.999785668,0.467613922,0.941531735,0.017764529,0.999743813,0.528081919,0.944050959,0.018215664,0.999264935,0.462765145,0.958475579,0.003014691,0.997309773,0.529496421,0.953133085,0.009153331,0.998834584,0.478680235,0.969018042,0.014898933,0.998541157
4,TRAIN/Cobra/cobra5.jpg,145.5936888,147.3432552,73.282234,64.4394304,178.2911726,177.0012677,193.8666544,74.0250706,163.261342,165.417507,159.7195566,295.6143985,147.5524212,148.644667,0.50277831,0.142318222,-0.294958985,1.000176751,0.515746556,0.126543279,-0.30807637,1.000481332,0.518476216,0.133001861,-0.307969878,1.000590812,0.520305381,0.124934684,-0.300761907,0.997987681,0.480462429,0.141128061,-0.290520324,0.999038619,0.484430607,0.126320923,-0.283398047,0.997912201,0.471908376,0.131726109,-0.291527754,0.999345921,0.526077809,0.14423157,-0.248881361,0.998319814,0.47963831,0.141476817,-0.257643507,1.000837637,0.519580915,0.152964638,-0.276070814,1.000204641,0.495659945,0.153840431,-0.276321129,0.999827333,0.606766572,0.304973305,-0.040170099,0.999798504,0.397772008,0.304050625,-0.053110547,0.999116378,0.628343222,0.493825098,0.012177695,0.998216084,0.388614955,0.507211492,0.021772623,1.000497835,0.610226963,0.647908232,0.021453149,0.999216881,0.383298876,0.659869517,0.012196746,0.999626093,0.629050318,0.657665354,0.020842633,0.998880494,0.377408438,0.659029957,0.028444699,0.998735082,0.630780136,0.652483928,0.018572731,0.999300247,0.36765723,0.667118651,0.014148723,0.998549713,0.623467147,0.642550798,0.018027042,0.999555246,0.38335373,0.647442173,0.021702024,0.999684256,0.541626076,0.674528428,0.025443507,0.998715691,0.449524761,0.683317671,0.036664615,0.999870374,0.54410237,0.823713023,0.020669582,0.998101173,0.440911809,0.821267035,0.025942849,0.998595907,0.544567408,0.949100268,0.017299504,0.998980871,0.454330202,0.931478269,0.005020908,0.999133212,0.52707459,0.940208438,0.005658515,0.998963358,0.466806297,0.953153888,0.015433181,0.997142682,0.526231011,0.96797917,0.003230992,0.999635554,0.463010443,0.961236425,0.017634004,0.999459647
5,TRAIN/Cobra/cobra6.jpg,156.8132738,149.4671734,68.5314949,61.3957646,180.7888983,179.2570261,196.6355478,68.9573736,164.4437946,167.4572773,164.2364998,291.1250713,154.7438244,154.2144196,0.496047268,0.135222663,-0.306881273,0.998079741,0.50638503,0.126493743,-0.308772332,0.999334166,0.524687397,0.124923367,-0.293253331,1.000684428,0.511993787,0.139415614,-0.302356848,0.998139512,0.495744089,0.126977641,-0.285962198,0.998159231,0.484910248,0.127065564,-0.297295368,1.000016276,0.481659335,0.127188741,-0.283048082,0.997948672,0.517707175,0.148124244,-0.246619862,0.997912924,0.484412989,0.140415091,-0.243939915,0.998164795,0.501840313,0.1476504,-0.269327646,1.000453253,0.485981479,0.147734349,-0.270308422,0.999991601,0.605452141,0.30215144,-0.040604944,0.999329311,0.400201528,0.29981719,-0.054108719,0.99918611,0.622103926,0.494776842,0.02577236,0.998039073,0.388359414,0.499986341,0.022293324,0.998133596,0.629717469,0.642442285,0.021551907,0.998558804,0.374990072,0.643035035,0.016967022,1.000330936,0.616522703,0.654749372,0.033401625,0.998153385,0.366027983,0.661936239,0.023666849,0.999485669,0.620770721,0.656130399,0.017065418,0.998533182,0.370344414,0.6544635,0.027153198,0.998990544,0.614237758,0.643501036,0.012778614,0.998489852,0.381731176,0.658174521,0.028684745,0.998799634,0.55085607,0.684095733,0.025518345,0.999477135,0.458196437,0.678518377,0.032090181,0.999420051,0.559639496,0.821957686,0.029623233,0.997891877,0.442119338,0.829808177,0.024015124,0.998822199,0.539028354,0.948781602,0.018340291,0.998124622,0.457281233,0.940097316,0.017730254,1.000055213,0.528684628,0.952763031,0.00172844,0.997468187,0.463084147,0.955208433,0.007232506,0.998100875,0.525179811,0.967479295,0.009528219,0.998890011,0.461660062,0.967180429,0.01307819,0.997723363
6,TRAIN/Cobra/cobra7.jpg,155.4213156,143.0814983,71.8209413,67.1109283,180.7343251,176.5258759,189.8805219,66.4863031,170.0043369,161.3409565,164.6963203,301.0311806,144.0411647,150.6580575,0.506254616,0.138183561,-0.298009899,0.999916947,0.519765509,0.141084139,-0.307994188,0.998306727,0.507814372,0.132434248,-0.306629989,0.999404507,0.512226414,0.128023487,-0.294145128,0.998384013,0.484587369,0.136044284,-0.296380374,0.999568199,0.48067817,0.133721001,-0.290579151,1.000498985,0.480520177,0.128158317,-0.287880086,0.999686486,0.515638996,0.135458391,-0.259219725,1.000153928,0.470359532,0.142106791,-0.257683559,0.999019077,0.515635106,0.159090621,-0.26127975,0.998941088,0.480594025,0.162059879,-0.264513933,0.99848272,0.609343642,0.308873582,-0.041447088,0.998394196,0.40286257,0.301840974,-0.041529285,0.997922967,0.628589618,0.495785366,0.022791132,1.000608025,0.377187684,0.499787501,0.029610885,0.999596385,0.619287225,0.644805282,0.012552515,0.999321348,0.387029746,0.640474593,0.016002039,0.999566179,0.63320067,0.664245901,0.021588567,0.998403847,0.377265289,0.66743174,0.017524953,0.999786337,0.628219009,0.649912139,0.02511573,0.998363734,0.378113404,0.663997349,0.017756741,1.000151358,0.610577857,0.642728253,0.011700049,0.998929818,0.383109311,0.654204863,0.010451456,0.998066039,0.546887057,0.689626776,0.031184908,1.000031105,0.44049875,0.689907735,0.029293183,0.999655548,0.542308174,0.812918179,0.014438373,0.99978196,0.454507707,0.824374492,0.01501162,1.000553137,0.534791016,0.944409932,0.011925226,0.997541222,0.466286424,0.941050992,0.019156433,1.0002449,0.540684957,0.95184713,0.006121221,0.999304468,0.465894625,0.945565147,0.011518251,0.999209712,0.536682312,0.962054857,0.008598508,0.998812898,0.473789409,0.957185722,0.003064524,0.998723211
7,TRAIN/Cobra/cobra8.jpg,150.6915501,143.2363629,62.8001311,61.5816513,176.9893568,176.7581865,190.7364516,75.0737523,166.7125465,166.7241587,155.9959322,292.0935583,149.3299123,144.1188011,0.494453414,0.143277643,-0.308617758,0.999663238,0.511036741,0.127800268,-0.30560096,0.997961487,0.510607058,0.132578213,-0.302030635,0.999741342,0.522802955,0.13797759,-0.304084781,0.998803882,0.49547744,0.134977943,-0.281812041,0.998869326,0.492528788,0.123183006,-0.294360316,0.998452557,0.484878933,0.139019083,-0.296517822,0.998804445,0.515095348,0.130638195,-0.25839967,1.000028314,0.471156284,0.144402926,-0.25315984,1.000726891,0.507966406,0.147160247,-0.269308456,0.998845976,0.485635772,0.16413376,-0.261436669,0.999052518,0.606681927,0.301261992,-0.052423527,0.998386455,0.393290844,0.299043568,-0.055216763,1.000188667,0.614432465,0.492887978,0.025896564,0.99982697,0.375822333,0.493625663,0.014444823,0.998047701,0.622800719,0.658432452,0.01278599,0.998860625,0.370921803,0.640405116,0.026562787,0.999515303,0.6228462,0.668096421,0.028803171,0.999300283,0.373852437,0.651984175,0.020909816,0.997970923,0.615776691,0.650620439,0.01804071,0.998721813,0.377831482,0.663381973,0.030103451,0.998577548,0.612814759,0.645521859,0.018122404,0.999212371,0.381496781,0.661810355,0.010099085,0.998063872,0.542524038,0.677099025,0.020660339,0.998546347,0.45678003,0.681727389,0.030002233,0.998806211,0.5556047,0.826426472,0.010151799,0.998253671,0.448359737,0.823428489,0.010974979,0.999529363,0.542859739,0.934232929,0.012379904,0.998968227,0.459744271,0.942074056,4.1233e-05,0.999438383,0.528676143,0.951635345,0.006831832,0.99729835,0.457924498,0.956833727,0.007531459,0.999153825,0.525615459,0.959844588,0.010282455,0.998005399,0.479396549,0.956182087,0.014541882,0.998638101
8,TRAIN/Cobra/cobra9.jpg,151.9463852,157.3762906,64.722854,64.427856,179.6778163,178.3617379,202.6386564,67.6405972,165.3433282,167.548478,162.8106748,294.4995694,154.9925883,149.4136955,0.491509375,0.136629953,-0.304207494,1.000101751,0.516757336,0.133878758,-0.294352573,0.998254809,0.510914167,0.13813874,-0.306083766,0.999742836,0.528248759,0.139399934,-0.2965984,1.000822105,0.488558164,0.133414403,-0.291439778,0.99807524,0.478535903,0.132418628,-0.282073385,0.999154271,0.472500432,0.13667507,-0.29679758,0.998159622,0.529005864,0.136423044,-0.2490512,0.999120338,0.466483582,0.144427224,-0.258802518,0.998296136,0.501384949,0.147277544,-0.270430791,0.999541283,0.498547218,0.145480808,-0.267416009,0.99933347,0.59855156,0.296705993,-0.057290334,0.998495268,0.399725888,0.300783022,-0.048284526,0.998114837,0.61276119,0.506374709,0.020336335,0.998653452,0.380252575,0.498281701,0.028232297,0.998051364,0.61572134,0.643044438,0.016231381,0.99776472,0.37057836,0.654929153,0.019071117,0.998709956,0.633166611,0.661395952,0.02575748,1.000223592,0.367970053,0.654865794,0.028945828,0.998121537,0.618193062,0.654891592,0.025174112,0.999006615,0.374601976,0.660252116,0.014536199,0.998936243,0.627288835,0.656272112,0.01206563,0.999377333,0.376034109,0.655660225,0.018254691,0.999110374,0.557647693,0.676816544,0.024206186,0.999471379,0.440824882,0.671967237,0.025495818,1.000512395,0.556290502,0.826076569,0.013273349,0.999083911,0.445856742,0.818621652,0.027315973,1.000430473,0.547430091,0.937376005,0.016109643,0.998963555,0.469868464,0.936318454,0.006908524,1.000386708,0.543191744,0.949780179,0.016688455,0.999017924,0.461280307,0.955027419,0.012271901,0.999932283,0.525203554,0.958825736,0.005870103,0.998177581,0.463293735,0.966282918,0.011555126,0.999024473
9,TRAIN/Cobra/cobra10.jpg,155.2873756,143.3468836,66.8815521,62.6570775,175.0348814,176.4796543,189.0738219,72.8097915,166.2699104,162.4059825,159.0056341,288.7577138,153.8210812,143.6508394,0.498434028,0.132527467,-0.301053799,0.999153672,0.5098438,0.136945541,-0.305371699,0.99885873,0.505435698,0.131816993,-0.294447477,0.998672202,0.527546714,0.138329455,-0.308541016,0.999626584,0.486023236,0.142373531,-0.286865137,1.000603103,0.478720929,0.138748442,-0.294145852,0.999380283,0.481002077,0.138140615,-0.281301637,0.999997704,0.529598443,0.130125047,-0.241785844,1.000817397,0.479460791,0.139272821,-0.242455588,0.999020741,0.517280379,0.150826134,-0.266891215,0.999276866,0.484072236,0.157994601,-0.269406004,0.998180822,0.599055671,0.303612686,-0.041063316,1.000855133,0.392880366,0.29486031,-0.051105852,1.00009341,0.6131212,0.491122006,0.021347721,0.999909481,0.376333123,0.504355355,0.01789415,0.999000603,0.624596877,0.640235014,0.013942607,0.999590421,0.383418047,0.656974047,0.025676467,1.000124036,0.62352677,0.650086886,0.016347272,0.997914955,0.380875507,0.653030974,0.031434121,1.000023035,0.630826826,0.662400828,0.022359847,0.999010139,0.372368435,0.655753965,0.017062546,1.000394069,0.618862741,0.646091855,0.025054761,0.998668579,0.381027177,0.653525144,0.010458819,0.999769951,0.543327712,0.689546266,0.030805147,0.999116415,0.454475633,0.682762749,0.033946237,0.999043572,0.557036426,0.8228023,0.015063892,1.000552064,0.457813051,0.827534162,0.021987879,0.997872081,0.549707433,0.948344538,0.005598635,0.999645577,0.451039971,0.947341739,0.002911427,0.999364895,0.540271955,0.941871634,0.011278508,0.997645447,0.45599837,0.953061678,0.017799979,0.997002743,0.522165624,0.956636046,0.007830089,0.99832558,0.475741663,0.960611927,0.013818462,0.999025445
10,TRAIN/Cobra/cobra11.jpg,142.9602299,157.0444009,64.6008456,67.287072,178.0574265,177.833534,198.65205,66.4286678,165.5528089,156.8176526,158.3821463,291.3510281,144.7664926,147.8680026,0.507872496,0.136798609,-0.296257928,1.000400914,0.503818644,0.137686108,-0.307939444,0.999445155,0.50934483,0.129205886,-0.303605624,0.999417058,0.5139417,0.133489308,-0.309759555,1.000666523,0.490326392,0.131355223,-0.294363355,0.99822997,0.491815899,0.132016059,-0.294754719,0.998173631,0.488542828,0.121744035,-0.282228455,1.000270929,0.528141159,0.138095969,-0.247873813,0.999981745,0.477916761,0.134084119,-0.245965465,0.999207794,0.502134062,0.155319138,-0.272214756,1.000842858,0.490347182,0.153447903,-0.278296251,0.999613859,0.606532035,0.297707602,-0.052875043,1.000107529,0.400426325,0.303279912,-0.056803373,0.998097019,0.627395703,0.504388343,0.02729675,0.998798518,0.389580816,0.494147587,0.013791826,0.998869611,0.62078237,0.651761249,0.01843964,0.999019195,0.372999023,0.64739235,0.017294921,0.998418246,0.619949302,0.663122672,0.030409275,0.99902754,0.370645773,0.657757926,0.028189163,0.997782793,0.631108431,0.662007982,0.018703022,0.997629943,0.380626389,0.658788517,0.017353693,0.998775967,0.61896106,0.654095047,0.01416035,0.999844362,0.387527356,0.642129201,0.025773862,0.998422917,0.543151806,0.686514636,0.02357539,1.000161849,0.44859995,0.681203512,0.03294698,0.998665139,0.541392647,0.817419506,0.024773047,0.99798369,0.446398704,0.827495756,0.017412334,0.998699473,0.532129907,0.934771063,0.016075836,0.998901347,0.453808868,0.948305324,0.010703417,0.999192909,0.534438027,0.957720022,0.016847402,0.998916726,0.470310515,0.944475206,0.017300584,0.999533833,0.539002621,0.965867163,0.009382854,0.999659562,0.479002529,0.952319073,0.017576395,0.998403788
11,TRAIN/Cobra/cobra12.jpg,144.2433368,145.0523467,70.7898532,68.8296787,180.5292503,175.1905172,199.4837242,66.7377422,167.4258538,156.9953302,155.8782003,300.2364853,152.5959358,146.3438968,0.493869242,0.143502714,-0.300222804,1.000565344,0.519286239,0.131975975,-0.296827063,1.000446299,0.518834791,0.131940705,-0.300606979,1.000172174,0.526684373,0.136674065,-0.291934179,1.000704027,0.493557114,0.136651284,-0.290505265,0.999028595,0.489195534,0.13169005,-0.284562385,0.999107908,0.479105179,0.126919913,-0.287854887,1.000070288,0.522552553,0.147093888,-0.256104573,1.000236936,0.465321555,0.142299865,-0.25266709,0.998384431,0.516482401,0.150630979,-0.277231807,0.999923393,0.493643015,0.152290586,-0.264393374,0.999772429,0.609143759,0.293645979,-0.043244228,0.999638366,0.405204781,0.294877545,-0.047524661,0.997939856,0.610425024,0.503865589,0.019564815,0.99852974,0.371001377,0.492280353,0.019856835,0.999721619,0.612285788,0.658157458,0.01657506,0.999935665,0.371923655,0.641384856,0.024176784,1.000428591,0.62338118,0.6506146,0.015653934,0.998703977,0.376210501,0.664355356,0.028388493,1.000034086,0.631194701,0.659957467,0.029270341,1.000255542,0.371066162,0.65437289,0.022152002,0.99964119,0.615163133,0.659888618,0.02200246,0.997723391,0.383409101,0.651439873,0.011825794,0.998156447,0.54484932,0.68792493,0.030107145,0.999139503,0.452671406,0.687061275,0.033575573,0.998620195,0.543115327,0.827531928,0.011832385,1.000784744,0.449897104,0.812774181,0.023147994,0.999069848,0.532925054,0.940368954,0.006207559,0.999116178,0.455277393,0.947779431,0.018032834,1.000465504,0.5349612,0.942570714,5.2274e-05,0.999432532,0.468784122,0.954692749,0.013156579,0.997062373,0.527822459,0.95099259,0.006083884,0.999138849,0.475798215,0.956392591,0.011784565,0.998578435
12,TRAIN/Cobra/cobra13.jpg,147.4067269,146.3355438,63.7188907,71.5289396,177.4038663,177.9102144,198.6741302,76.549299,169.96074,158.3777696,157.8136613,301.377607,154.140189,153.9149149,0.497627788,0.144255367,-0.29334788,0.998502317,0.500257269,0.14314149,-0.308862712,0.998013149,0.506048305,0.139415108,-0.298227114,0.998097899,0.518867346,0.123279161,-0.30992897,1.000721537,0.497072158,0.13563389,-0.299102902,0.999480182,0.494647944,0.127612819,-0.286019594,0.998736037,0.476702058,0.138615623,-0.287997267,0.998439132,0.528658856,0.142432751,-0.255397697,1.000670387,0.479125542,0.142667144,-0.251656819,0.998165561,0.515406289,0.152878162,-0.269324208,0.999828092,0.490236899,0.16121549,-0.277193389,0.998311316,0.602703788,0.300398256,-0.053024198,1.000852426,0.405220645,0.296061997,-0.050822721,0.999992223,0.615128692,0.499159971,0.010074918,0.998842448,0.384356155,0.491473003,0.026564175,1.000793596,0.610726717,0.646977031,0.020969603,0.998336273,0.385595098,0.644890138,0.027240359,0.998997951,0.633597372,0.662093206,0.027374677,0.998370648,0.367790163,0.661153991,0.034748709,0.999740988,0.615798616,0.656443815,0.01665561,1.000496095,0.381668931,0.655119565,0.012575633,0.99968542,0.616110721,0.651716435,0.019578724,1.000000322,0.382181742,0.651574325,0.02739466,0.997775796,0.550615407,0.686209827,0.02433488,1.000680511,0.448648844,0.680519292,0.033296027,0.998972605,0.541755632,0.823094807,0.027581957,1.00014695,0.4432293,0.828486368,0.013437951,0.998276746,0.538502284,0.938699627,0.010294465,0.99957339,0.450223861,0.94398474,0.003894325,0.999430744,0.526712506,0.94790347,0.016340457,0.997507024,0.466005939,0.952816477,0.013519566,0.999142377,0.539349119,0.950013515,0.005828679,0.998651196,0.47616847,0.961312012,0.002123449,0.997870377
13,TRAIN/Cobra/cobra14.jpg,151.9597902,150.684356,63.8275271,64.8725929,178.6195697,176.9760335,191.7421731,72.5885355,164.8796097,162.6845244,166.515104,295.5152174,147.8050533,154.0913321,0.50836912,0.148823808,-0.304181824,1.00021962,0.502187209,0.143944491,-0.302249368,0.999348538,0.516654247,0.134433143,-0.290932052,0.998317225,0.529145323,0.138259445,-0.292651949,0.998952757,0.481856251,0.135657537,-0.298394424,0.998242452,0.494539912,0.133511642,-0.299212444,1.000519112,0.47722122,0.121871738,-0.285632014,0.998450907,0.520395394,0.14408012,-0.256381059,1.000743682,0.476223563,0.147779872,-0.253008385,0.999289167,0.50099579,0.149658291,-0.279666794,0.998323888,0.483923539,0.147469824,-0.265378272,0.998349776,0.602672402,0.291276157,-0.049856484,1.000406839,0.390722578,0.295504741,-0.048567587,1.000807118,0.618030003,0.502862559,0.016892591,1.000786391,0.373241019,0.507019641,0.018161486,0.998432462,0.612381325,0.651215869,0.017688836,1.000359307,0.370272802,0.659044512,0.022778773,0.997759439,0.61772203,0.655233585,0.018455222,0.998654684,0.379211713,0.652777856,0.02903498,0.999222653,0.620269601,0.657391471,0.027852101,0.999405169,0.386882846,0.661945724,0.018532631,1.000152389,0.621807591,0.658135192,0.025252803,0.998315227,0.390920742,0.661220622,0.017349572,0.99862402,0.555539456,0.679920756,0.020993994,0.999041288,0.458064362,0.685779717,0.02723774,0.998811787,0.558794886,0.814377396,0.016606127,0.99799675,0.447616344,0.818582748,0.020979462,0.999409378,0.546454425,0.937078717,0.017479968,0.99809588,0.464950767,0.93535336,0.003965983,0.998390021,0.539828187,0.944572818,0.018795574,0.998059521,0.465940652,0.94857919,0.003200423,0.998249473,0.529890468,0.958683532,0.007832741,0.997799141,0.466263797,0.953085149,0.017213534,0.999334212
14,TRAIN/Cobra/cobra15.jpg,149.5641963,151.3923987,62.0549051,67.0947105,178.6536868,175.4622191,199.370233,73.8053325,170.7145352,163.3210083,157.6213168,300.2659319,147.021867,145.9262606,0.509507935,0.138612471,-0.29805874,0.998911649,0.510711439,0.132120621,-0.294736821,1.000271337,0.511382545,0.124191468,-0.290109478,0.997995643,0.513497369,0.126382799,-0.300730378,1.000098449,0.480163811,0.134157713,-0.294392718,1.000653298,0.490163166,0.138169745,-0.288657109,0.999990829,0.478936732,0.139293567,-0.290199553,0.998325635,0.534442191,0.136294646,-0.247301276,1.000666258,0.478339086,0.149389876,-0.259904256,0.999586684,0.500571547,0.153434203,-0.27329835,1.00087842,0.482198774,0.145769031,-0.277346895,0.999991606,0.590097311,0.309849143,-0.059536807,0.998454974,0.40124654,0.296233038,-0.053131646,1.000554155,0.612785383,0.499279904,0.015296465,0.99985134,0.383446713,0.494650807,0.014475938,0.999274412,0.62716945,0.655168649,0.013761814,1.000092462,0.384497669,0.642011407,0.012844725,0.999670461,0.626522089,0.655495425,0.032378745,0.998703315,0.368693012,0.659214382,0.020283848,0.999154082,0.629809856,0.655606083,0.015663573,0.999503514,0.36922019,0.649022251,0.019269548,0.998170333,0.611848777,0.656298247,0.017001947,0.998277667,0.391091199,0.647190881,0.02513198,1.000330397,0.555963727,0.686475943,0.032516193,0.999653801,0.446483579,0.671567849,0.033311244,1.000669479,0.546880401,0.817149583,0.025115978,0.998459759,0.449075109,0.810625013,0.025297376,0.998207137,0.53372954,0.946904021,0.008314663,0.998099389,0.458845237,0.937705425,0.01995375,0.997921192,0.526737379,0.94634921,0.009512554,0.999889968,0.469382836,0.95524993,0.014943271,0.999283152,0.525146562,0.952030073,0.015065149,0.996986242,0.465150771,0.952370566,0.019514137,0.998865008
15,TRAIN/Cobra/cobra16.jpg,148.2760797,143.2258497,69.457235,61.7105292,178.4261196,174.5030176,200.3161293,68.8859873,170.9009961,158.8184565,162.4215975,292.3764341,144.8850437,151.9367796,0.508820498,0.136215293,-0.309350278,0.99888979,0.512310906,0.13680346,-0.307143227,1.000362667,0.523287591,0.137077976,-0.30162454,0.998582692,0.52607658,0.139952857,-0.290954635,0.998545939,0.495632892,0.141555693,-0.289379685,0.99956816,0.494145395,0.129171529,-0.293116874,1.00070728,0.483151414,0.134004258,-0.298856314,0.999007892,0.531318203,0.138014757,-0.252674644,1.000477063,0.467895055,0.133514085,-0.245552964,0.998221201,0.505107034,0.154427613,-0.264657827,0.99922469,0.489331165,0.157127571,-0.278721533,1.000055007,0.595856092,0.290485657,-0.054295249,0.998676282,0.407906002,0.300426746,-0.045855041,0.99984069,0.614974632,0.507658648,0.017450243,1.000546055,0.371691129,0.490762695,0.023063479,0.998270349,0.629626447,0.64967618,0.012374047,0.99962755,0.376413865,0.648160005,0.023666399,0.998044077,0.628462932,0.659353989,0.017530141,1.00020975,0.384198892,0.666177957,0.033194039,0.998140888,0.616234474,0.650230854,0.020547214,0.999555925,0.368667625,0.649071504,0.022068395,0.998185764,0.620371062,0.645134618,0.021874079,0.998138557,0.383344002,0.64351032,0.01644526,0.998053494,0.549210188,0.685560281,0.022278167,0.997980715,0.44273818,0.680276895,0.029024418,0.997902936,0.552869386,0.816925142,0.021897137,0.999656251,0.454579913,0.817463202,0.013929935,0.998562887,0.53635592,0.930207046,0.019763836,0.997517635,0.465522275,0.937545675,0.016138332,0.998232107,0.534887345,0.952258356,0.017741087,0.999234328,0.461193572,0.946924402,0.001105804,0.998783336,0.530059978,0.959051782,0.007932016,0.997613219,0.475582228,0.955444012,0.01209174,0.99905648
16,TRAIN/Cobra/cobra17.jpg,145.2914471,149.5293911,70.2772844,69.1530399,176.7855847,174.4128444,198.3757341,67.7543478,170.8880768,162.5004424,156.1550992,288.2082716,146.9230431,149.5935266,0.492643249,0.133450463,-0.309030636,1.000151028,0.502002574,0.129891344,-0.302494061,0.99820165,0.511210088,0.125977945,-0.308029199,0.999506252,0.520938098,0.128233241,-0.305279082,0.997994579,0.491003465,0.128939737,-0.285375918,1.000544452,0.488442368,0.133459438,-0.285526703,0.999811525,0.474445272,0.137821922,-0.29524882,0.999596021,0.528351288,0.131719074,-0.241231769,0.999336652,0.46991066,0.137607512,-0.259747393,1.000147259,0.511850219,0.151125131,-0.270278161,0.999346428,0.48092346,0.145462695,-0.277411969,0.998670937,0.604345428,0.305610867,-0.040669528,1.000639974,0.39913504,0.298674032,-0.054620115,0.998995552,0.625885541,0.505889117,0.023425837,1.00031385,0.37641282,0.493606067,0.019175556,0.999387259,0.61161854,0.642202584,0.025621614,0.999960425,0.382444316,0.655970951,0.016078644,0.998478625,0.622267373,0.662110158,0.017835362,0.998686284,0.371768631,0.666454052,0.027000796,0.998860559,0.622970326,0.652726548,0.020922945,0.999553066,0.36932658,0.663104975,0.022020516,0.998745821,0.610827328,0.650513141,0.021693086,0.998602376,0.37468944,0.6500345,0.026583623,1.000171,0.548812386,0.674375174,0.020505188,0.998990369,0.444149465,0.671968912,0.030889412,1.000456218,0.549556547,0.81572991,0.02985506,0.99829762,0.442795797,0.823747812,0.028552587,1.000084274,0.535773795,0.937615615,0.001376951,0.998391358,0.457819646,0.937625265,0.009884781,0.998114381,0.529368247,0.945937137,0.013599535,0.997214855,0.464141576,0.955582706,0.013683956,0.997522347,0.533418846,0.957491865,0.005910432,0.997580293,0.47201931,0.969806999,0.014742439,0.997521627
17,TRAIN/Cobra/cobra18.jpg,156.769309,147.19091,62.3265579,64.0030232,176.8791624,177.231887,196.0460253,73.1178629,172.0239406,167.1236719,157.5974073,295.8193037,153.3529164,145.7759192,0.490566136,0.140825674,-0.300271573,0.999710054,0.512813929,0.133031291,-0.305459736,1.000428818,0.520310157,0.134533063,-0.3063775,1.000756266,0.525589287,0.135138937,-0.2910392,0.998240844,0.492876982,0.134651085,-0.298846978,0.998889492,0.479461084,0.124288279,-0.281843143,0.998049639,0.484856536,0.134711825,-0.288419812,0.998145868,0.524033252,0.13256565,-0.256862436,0.999339443,0.475371878,0.130408445,-0.249270529,0.99923905,0.511667779,0.164778029,-0.271990429,0.998060285,0.496547667,0.151693316,-0.271036008,0.999738466,0.605801173,0.304543578,-0.046876622,1.000397892,0.399541286,0.295697189,-0.047713992,0.999772846,0.611137604,0.493224598,0.027364976,0.998119367,0.372484776,0.495583187,0.027073346,1.000171582,0.629756895,0.647118923,0.024755387,0.999358676,0.380690743,0.64204011,0.028809716,1.000603702,0.623653371,0.65985032,0.027636851,0.999554134,0.384151376,0.664131317,0.023127646,0.998229762,0.632863069,0.652002325,0.013882368,0.999289133,0.386621397,0.655330467,0.019047982,0.999953928,0.622896928,0.657065889,0.012067115,0.99919005,0.384176049,0.646358372,0.028277119,0.99892135,0.541773599,0.686783604,0.024225183,1.000458837,0.454210547,0.682965405,0.037741189,0.998060656,0.550608025,0.828955191,0.023953988,0.998141486,0.44414363,0.826465964,0.019991822,0.999078055,0.539875033,0.933770503,0.013665356,0.998015222,0.457780349,0.946049515,0.013821062,0.998764775,0.527410687,0.956751571,0.001537635,0.998841761,0.465537668,0.945355218,0.000732619,0.999543654,0.526209446,0.962041026,0.001125647,0.998328665,0.463266844,0.957145143,0.005917071,0.998447666
18,TRAIN/Cobra/cobra19.jpg,147.3265324,146.5985192,70.3381351,71.8456644,179.9219734,175.4065201,196.5632312,73.0319591,170.5850441,157.4839482,160.7819491,291.4552265,152.7902145,150.2450797,0.493082543,0.148215521,-0.294456086,1.000575928,0.502116828,0.14117444,-0.308605203,0.999700597,0.519795333,0.129453425,-0.292388308,0.998100307,0.524781079,0.140629097,-0.291026398,0.998662182,0.48987062,0.133419437,-0.296409917,1.000705175,0.49137801,0.142829154,-0.285866632,0.999117448,0.470746453,0.13492427,-0.292096701,0.999614345,0.520222403,0.13516416,-0.243503708,1.000069984,0.476097174,0.136366781,-0.25812368,0.999068835,0.515519617,0.157062155,-0.279826461,1.000215437,0.489405867,0.152998856,-0.266770449,0.998913025,0.609158663,0.290922829,-0.048257134,0.999987291,0.396117077,0.307638586,-0.048414103,0.999294442,0.622592755,0.508293329,0.010642209,1.000755814,0.382225579,0.507324873,0.024052364,0.999182707,0.622721023,0.657840706,0.016572441,1.000537124,0.388514586,0.648370741,0.020164445,0.997899628,0.619123915,0.669259822,0.024409371,1.000302917,0.374056425,0.659564381,0.017721709,0.998936465,0.617527258,0.653874685,0.012224103,1.000259645,0.373112598,0.661009125,0.024926786,0.999704926,0.626901929,0.643881152,0.022334588,1.000038677,0.388789718,0.646590683,0.026187562,0.998635384,0.558247254,0.67369655,0.02469377,0.998838014,0.458035748,0.671882891,0.030885563,0.999846441,0.546200078,0.81536911,0.015930618,1.000716072,0.457452303,0.815415023,0.023388041,0.99980446,0.533146838,0.935590212,0.016170197,0.999761813,0.450146457,0.942018459,0.008784365,0.998553112,0.542888912,0.941817227,0.013366153,0.998544262,0.4681474,0.959597495,0.008330569,0.997821893,0.532253772,0.961519163,0.002061003,0.998384978,0.46384811,0.960783034,0.014133625,0.999591765
19,TRAIN/Cobra/cobra20.jpg,149.4793296,148.1187039,71.9698163,62.6108216,180.0326242,179.9407097,197.9500352,73.4830703,168.0857087,165.8958223,159.626522,288.2174927,154.8218146,152.3588183,0.490543227,0.13399268,-0.302333383,0.999749509,0.503624772,0.136558144,-0.290198469,0.998005698,0.524136205,0.127837239,-0.302355379,0.999044814,0.52166172,0.139730829,-0.301531469,0.998419807,0.483357619,0.131939482,-0.295365744,0.99905117,0.486373623,0.124857303,-0.2986915,1.00036816,0.485648711,0.124837492,-0.286463854,1.000407324,0.530860991,0.145668833,-0.253889125,0.998741328,0.477618522,0.132975926,-0.259955988,0.99917392,0.503553493,0.159893597,-0.274596822,0.998473946,0.496119068,0.158490916,-0.269224041,0.998590216,0.5947626,0.294173739,-0.05258146,1.000717213,0.404751553,0.297624979,-0.041949403,0.998663205,0.61074565,0.498693155,0.026167459,1.000235806,0.373514557,0.494981787,0.0212404,0.998951157,0.622404443,0.642671016,0.016595389,0.997762471,0.375379771,0.646800516,0.026657277,0.999432853,0.621947922,0.669481624,0.032051295,0.999400805,0.383718936,0.666139213,0.034773924,0.999326336,0.630582759,0.666423265,0.02887056,1.000096886,0.371974773,0.6565384,0.030086143,1.000120874,0.616438989,0.648535183,0.016454319,0.997688378,0.389237742,0.650097152,0.010896031,0.99877372,0.556051355,0.680460674,0.020090604,1.000186066,0.455963394,0.676804459,0.022727485,0.999425976,0.549106585,0.828691229,0.029719102,1.000018716,0.452210412,0.818039303,0.017545826,1.000688614,0.53859399,0.941780857,0.012225811,0.998274642,0.450328022,0.944015924,0.009151522,1.000060058,0.537849555,0.957443652,0.017330737,0.998299691,0.456029805,0.956925587,0.01242451,0.999724555,0.521615871,0.969267479,0.004297856,0.998470798,0.475922355,0.969021826,0.018646843,0.998244093
20,TRAIN/Cobra/cobra21.jpg,147.3875576,150.6869513,66.301959,66.1856214,176.9547542,177.9157154,188.2251774,74.7356559,167.223775,156.2400336,156.1510631,294.8623166,147.5103741,149.7557015,0.50446409,0.13361404,-0.304318268,0.998522462,0.519311019,0.137213925,-0.297206775,0.999204812,0.515342458,0.123372931,-0.290471902,1.000679055,0.516484103,0.139186622,-0.29708574,1.00024462,0.48817057,0.13914819,-0.284180244,0.998587978,0.481863114,0.123911223,-0.28350352,1.00014817,0.47528587,0.124558954,-0.288780198,0.998116303,0.531628776,0.140741188,-0.256643627,0.998893399,0.473914052,0.136013254,-0.25933415,0.998290159,0.501113941,0.162244087,-0.262814698,0.999516752,0.497425866,0.164979839,-0.271443349,0.998417289,0.597527841,0.306618429,-0.049716755,1.000268757,0.4025837,0.305211823,-0.055012637,0.999840475,0.621459405,0.505174819,0.018144078,0.999477863,0.371035413,0.497707252,0.016461525,0.998852382,0.610378907,0.65679797,0.010434713,0.997938399,0.385282544,0.648785499,0.021562112,0.999503247,0.616681183,0.66613025,0.027970443,0.997504601,0.370878918,0.668413214,0.032193088,0.997942289,0.630364536,0.662162261,0.021193329,0.999072543,0.382179734,0.648975453,0.016324698,0.998482644,0.61093362,0.66090709,0.024947158,0.998046896,0.378080892,0.647625178,0.022577361,0.998174495,0.550173401,0.681954988,0.034944169,1.000056192,0.444652583,0.680744339,0.033485305,0.998351618,0.544447006,0.818794889,0.018433579,0.999230333,0.456844244,0.828043527,0.018969864,0.998459523,0.532480638,0.938930012,0.005598809,0.998571984,0.459231016,0.938560153,0.013504041,1.000170577,0.532762484,0.958864019,0.008889924,0.997939485,0.455822803,0.952285064,0.018189795,0.99974449,0.53210907,0.966274346,0.005299322,0.998387386,0.475467665,0.957486676,0.0054523,0.997760563
21,TRAIN/Cobra/cobra22.jpg,145.8308321,147.5641556,68.0292249,65.0113874,178.524599,179.0906499,194.138002,71.5163496,165.5374991,165.909927,155.3299564,299.0517988,146.8803136,147.6715208,0.498397831,0.139506396,-0.309499556,1.000516358,0.500450548,0.142331528,-0.301574991,0.998964074,0.511162508,0.131903043,-0.306005575,0.998164801,0.516341801,0.130423691,-0.305846057,1.000230867,0.4811879,0.136767211,-0.284224673,0.999830049,0.475930226,0.140022116,-0.285230503,1.000288926,0.477452013,0.128141367,-0.289875187,0.998626504,0.520810095,0.135267831,-0.255116677,1.000849573,0.481009804,0.143093883,-0.251546671,0.998638005,0.519076622,0.163275762,-0.262701616,0.998290401,0.488232357,0.164677067,-0.267374044,1.000646265,0.603422138,0.290269575,-0.040840442,0.998680685,0.390578063,0.309990795,-0.04526275,0.998110419,0.624712246,0.506298655,0.021698286,1.000060393,0.377233462,0.498428305,0.011573288,0.999868305,0.621957082,0.651353933,0.024711966,1.000200644,0.389872369,0.641735273,0.012036046,1.000360194,0.625047648,0.664977515,0.02395644,1.000287447,0.37303586,0.651530016,0.029603325,0.998911152,0.621501004,0.649860188,0.024856724,0.999443729,0.377222435,0.661378592,0.017613283,0.998884675,0.619671007,0.649997906,0.02301797,0.99974592,0.379667998,0.659708763,0.024163396,0.997447468,0.547457279,0.672663345,0.028082321,1.000833852,0.451723338,0.670335517,0.032838077,0.998103398,0.554366581,0.824027673,0.023833109,0.997810827,0.443609613,0.824087434,0.019927592,1.000524804,0.547107308,0.936310915,0.016763518,0.999541227,0.462462835,0.938446621,0.018292515,0.997701256,0.526095903,0.941344654,0.017513412,0.998595802,0.462521929,0.94616654,0.006150567,0.999602845,0.524264281,0.961815616,0.001805774,0.998261349,0.474812991,0.956791684,0.005223003,0.997797697
22,TRAIN/Cobra/cobra23.jpg,146.8391291,145.0512364,64.2557312,68.2684916,176.6921559,174.1001221,201.3550628,76.4851358,164.6648345,164.6640844,164.3970926,294.6936134,146.7079239,147.2881854,0.491641734,0.148315534,-0.296360828,1.000164347,0.508125745,0.131201876,-0.292658718,0.999390702,0.511048927,0.12707574,-0.29061251,1.00065602,0.511527097,0.13448632,-0.309826746,0.998966024,0.487477761,0.130350715,-0.281106472,0.999155224,0.481365594,0.139294295,-0.293014764,1.000752599,0.4887133,0.136516404,-0.292706402,0.998403363,0.517378548,0.141007547,-0.253442633,1.000530473,0.481134623,0.131157717,-0.248453273,0.998810766,0.517723854,0.160873063,-0.278480475,0.998412427,0.499959182,0.164584122,-0.273394158,1.000322953,0.606790064,0.309460026,-0.057787958,0.999282147,0.405157968,0.29355629,-0.049239261,1.000727392,0.611942018,0.494406785,0.02064987,1.000663782,0.371833997,0.507830572,0.025308587,0.999997019,0.629855051,0.659210347,0.011300613,0.998474603,0.37770359,0.645182314,0.024071549,1.000646089,0.618460988,0.668294558,0.017055927,0.999324798,0.372399509,0.659266206,0.031823682,1.000434225,0.629939833,0.66480833,0.026710111,0.997804815,0.368266284,0.654287896,0.021443638,0.998079576,0.609813558,0.643743121,0.024474582,0.997664363,0.376989172,0.648646803,0.022822266,0.99848733,0.556979498,0.689045398,0.026414555,0.998016974,0.441177721,0.676146237,0.020205255,0.999222853,0.541759018,0.824244201,0.027874067,0.999649917,0.457759988,0.818145342,0.022278228,0.998709238,0.545361078,0.936395333,0.008135545,1.000018231,0.458643178,0.944986247,0.006108536,1.00046386,0.531071517,0.955661709,0.014839649,0.997551286,0.466820244,0.942827181,0.018775191,0.999573061,0.531959022,0.956824864,0.001101528,0.997820358,0.461640682,0.962362473,0.014674851,0.997208936
23,TRAIN/Cobra/cobra24.jpg,148.7096162,144.6742648,70.3372955,65.5893432,178.844299,178.1401303,188.4925351,66.7064811,170.537554,166.0824265,163.4278407,295.4229807,145.5889769,150.9698456,0.492679952,0.144801068,-0.301910043,0.998324186,0.516484537,0.143501104,-0.306961101,0.998151156,0.521211044,0.130116793,-0.297239268,0.998411498,0.525643279,0.137713162,-0.298630385,0.999044376,0.482920212,0.135581563,-0.287371456,0.999389708,0.490992619,0.137168328,-0.285084894,0.997933367,0.481374061,0.123783046,-0.284006941,0.999800057,0.533739651,0.142671018,-0.250154468,1.00018019,0.476025364,0.139117301,-0.245930816,0.998373702,0.500610111,0.164203262,-0.266779837,1.000638607,0.485346627,0.151792006,-0.270133085,0.998286454,0.606101229,0.301130022,-0.041214488,0.998334244,0.396992963,0.295904832,-0.056274674,1.000051655,0.610893918,0.503537828,0.020234393,1.000576516,0.382850387,0.504129941,0.012948397,0.999695257,0.620320169,0.640318712,0.017602067,0.998564108,0.370573598,0.655825898,0.026635071,0.998486442,0.623370181,0.657172243,0.021008718,0.998931318,0.374023104,0.666092873,0.028851801,0.999320962,0.619821308,0.662360342,0.012465876,1.000111874,0.379691286,0.667441047,0.023688473,0.998491446,0.615842851,0.655756214,0.014084754,0.997681305,0.379778575,0.6545401,0.017088383,0.999815777,0.544411152,0.68117728,0.030616863,1.000680238,0.44885595,0.687601469,0.026951895,0.999991771,0.558226452,0.822266848,0.026591758,0.998022207,0.447787057,0.829179632,0.018333809,0.998183931,0.548549566,0.946866918,0.000460602,0.997764553,0.451953738,0.94453832,0.003870593,0.998646572,0.543442098,0.949639888,0.011782434,0.998996227,0.46394433,0.957644142,0.015073307,0.998846196,0.524286381,0.950333526,0.006585419,0.999179784,0.474605526,0.967136758,0.010421108,0.999292917
24,TRAIN/Cobra/cobra25.jpg,154.2447461,154.6776425,68.7214339,72.408861,178.4172269,175.8482383,196.4259413,75.0418273,165.5961548,165.706549,163.7729239,302.3125308,146.8003013,148.2859971,0.501215885,0.141770479,-0.292345901,1.000771938,0.508176788,0.129301057,-0.308874091,0.999593198,0.519574257,0.125521892,-0.295396926,0.999380273,0.526156568,0.12611695,-0.299789342,0.999451204,0.49629385,0.135574411,-0.284595546,1.000404139,0.481634573,0.136775331,-0.297015006,1.000572757,0.477351199,0.134270656,-0.286751445,0.999890649,0.532452752,0.133177006,-0.241875336,1.000050712,0.483021403,0.145202731,-0.257784339,0.998555001,0.504909387,0.149193372,-0.271264208,0.99942986,0.486856961,0.155703557,-0.274039479,1.000726365,0.598448106,0.308132958,-0.047217228,0.999407145,0.402216237,0.297984473,-0.053521045,0.999554992,0.6195926,0.495376016,0.015614528,0.998776361,0.381496829,0.496694459,0.011586988,0.998872243,0.614013322,0.658752566,0.016447544,0.998733839,0.385745832,0.646595061,0.022570165,1.000471297,0.629000404,0.659770894,0.025748981,0.998872062,0.370528682,0.66933936,0.0162874,0.999408341,0.63241465,0.655715434,0.029746452,1.000285634,0.375570847,0.654464611,0.014406007,0.999744576,0.610356326,0.65434192,0.019860395,0.998171516,0.376480395,0.654262571,0.017111854,0.998354881,0.555350063,0.685572995,0.028716606,1.000560162,0.452227547,0.678811994,0.031977035,0.998612749,0.554452514,0.828270299,0.010996408,1.00066624,0.447019248,0.820086336,0.013673709,1.000305211,0.537920052,0.933833425,0.000752783,0.999775803,0.45654562,0.939508,0.012786028,0.998017656,0.530615637,0.942525054,0.005615287,0.998624351,0.469902151,0.946106193,0.01325637,0.997502179,0.527631408,0.961065944,0.011354512,0.9984597,0.465080795,0.963098137,0.000986294,0.997148438
25,TRAIN/Cobra/cobra26.jpg,152.1402939,151.0984125,62.4030328,61.0972799,176.2238876,179.459936,195.8567804,66.8638736,171.5433225,166.445604,160.2636029,290.8721731,153.5347263,149.3238027,0.498004903,0.144937416,-0.307913463,0.998937762,0.505224294,0.133336577,-0.30968455,0.998635145,0.508084821,0.130859019,-0.297698915,0.999212255,0.527115841,0.1396279,-0.293506092,0.999108702,0.494010303,0.134915452,-0.299038444,0.998898274,0.479124203,0.141503576,-0.28294868,0.998796738,0.481467712,0.123141711,-0.286182521,1.000031792,0.531420233,0.136980483,-0.25111105,0.999779612,0.478656007,0.146060391,-0.252711385,0.998027721,0.519622304,0.162589579,-0.261014969,1.00080955,0.494453097,0.16199583,-0.267019841,0.999869078,0.601141656,0.307217907,-0.046528448,0.999261966,0.407495037,0.300980451,-0.058213184,0.998376145,0.61364786,0.495196432,0.028847861,0.998912342,0.37955385,0.50023997,0.015771427,0.998986272,0.618916221,0.652190206,0.026643911,1.000193569,0.38660272,0.641643722,0.025625532,0.99938773,0.62639036,0.652001098,0.025097449,0.998868254,0.372492886,0.651370434,0.026451732,0.999563977,0.618978707,0.663869309,0.024080306,0.997995634,0.371120173,0.650006205,0.030353057,0.999359738,0.61155686,0.657186709,0.025199079,0.998952048,0.384881856,0.655259272,0.019517375,0.998719924,0.548687461,0.677584707,0.026384786,1.000593671,0.449628176,0.677232895,0.026059848,0.999738271,0.552972843,0.824167264,0.022772941,0.998717753,0.45967981,0.818638188,0.019415012,0.999277888,0.536725712,0.938210545,0.011273546,1.000352248,0.46451848,0.946601369,0.00531263,0.999337475,0.542951896,0.949737538,0.018932179,0.999081801,0.460969163,0.942251066,0.004210181,0.998781227,0.529332424,0.969882187,0.013279803,0.99722937,0.478994933,0.96286898,0.009246873,0.999476425
26,TRAIN/Cobra/cobra27.jpg,154.263996,152.8329849,65.1539677,68.9585479,179.9118832,177.9555792,198.1077502,71.8050792,164.7294878,167.3110113,160.619581,295.0077043,148.8154904,144.2463487,0.496852176,0.142963156,-0.295375423,0.999363394,0.501904614,0.135679345,-0.292489276,0.999022278,0.509279934,0.136303827,-0.306967027,1.00048211,0.520728134,0.140334764,-0.303009638,0.997952959,0.49550494,0.139997534,-0.284284873,1.000410026,0.484719688,0.134956093,-0.283342713,0.998986376,0.480031702,0.134072422,-0.291950961,0.998366152,0.532958525,0.140618061,-0.241818333,0.99978421,0.467351156,0.133868335,-0.256647115,0.998540215,0.514721241,0.160741974,-0.267238327,0.999232119,0.48601166,0.15430028,-0.274967547,1.000320591,0.609941826,0.298891767,-0.045673654,0.998663456,0.409581451,0.303388819,-0.050217204,1.000328072,0.626410301,0.494911138,0.015816924,0.999467913,0.384272889,0.501438113,0.02989388,0.999354605,0.614335042,0.658776602,0.017457266,0.99999975,0.370741592,0.64922959,0.01381927,1.000173937,0.617015459,0.651556662,0.021958692,0.999533414,0.37818107,0.650786273,0.017097203,0.999749114,0.631802344,0.657200238,0.027811553,0.998309131,0.367668871,0.658859921,0.026014582,0.998034294,0.618580041,0.648276321,0.011957336,1.000111596,0.375121916,0.656985222,0.017303305,0.999831267,0.544727014,0.680993545,0.035829223,0.999656132,0.448903392,0.683537118,0.027058812,0.998493825,0.548568726,0.829997144,0.017360288,0.99982142,0.447120917,0.820543763,0.018150385,0.999267149,0.539089091,0.932656788,0.010766618,0.998310272,0.451707495,0.934272624,0.016016909,0.999960819,0.540065631,0.952241835,0.001488213,0.997568685,0.46707202,0.958215511,0.006197749,0.998477497,0.52619512,0.96228973,0.008644265,0.999453198,0.478457682,0.956272965,0.01424535,0.99908154
27,TRAIN/Cobra/cobra28.jpg,148.624742,155.2980083,72.6132672,72.4083286,176.6081808,179.7795931,190.1362754,75.211727,172.7339216,164.0107268,162.9703171,301.6267677,152.0825329,145.7399277,0.497284106,0.142577806,-0.293130382,0.99958216,0.503067353,0.141487241,-0.299726677,1.000822928,0.511854103,0.141971671,-0.296612231,0.998611854,0.524589195,0.137195562,-0.291080485,1.000022626,0.495998386,0.127829809,-0.289868402,1.000190762,0.482806804,0.141779487,-0.297926275,1.000330744,0.483444383,0.140138281,-0.284064722,0.998398741,0.520277082,0.143153496,-0.253554573,0.9983772,0.472552216,0.148465458,-0.248288383,1.000269154,0.510931085,0.161120575,-0.277065066,0.99889944,0.492373926,0.151122679,-0.260465086,1.000176337,0.599030099,0.295282119,-0.04741769,0.999032627,0.397446031,0.294295403,-0.052504306,1.000356916,0.615603281,0.508490687,0.012187509,0.998092667,0.385449308,0.50064647,0.027000034,1.000515256,0.616852177,0.644276583,0.028427328,0.998262741,0.389327422,0.653742989,0.01288769,0.998318233,0.63151059,0.662869365,0.017005346,0.999279336,0.373891183,0.669024394,0.02357679,0.998402725,0.61499434,0.663571887,0.017589167,0.998989965,0.368605424,0.655640037,0.014691582,0.997583704,0.609490016,0.655237517,0.014876602,0.998128802,0.377339259,0.6431933,0.011948919,0.997953752,0.543379679,0.674141176,0.027783348,0.998486785,0.450163164,0.687568994,0.027897854,0.99877324,0.558158753,0.810924198,0.021460199,1.000774154,0.453228005,0.81966337,0.012168148,0.999430389,0.545509592,0.937544329,0.014809252,0.99861953,0.459663657,0.943084114,0.013780858,0.997697041,0.53332072,0.959169223,0.009979753,0.99712539,0.465912003,0.956911109,0.007895037,0.997147977,0.525996087,0.960020077,0.016278448,0.997567111,0.464523764,0.966542204,0.003236706,0.999434852
28,TRAIN/Cobra/cobra29.jpg,152.4694612,155.7335244,65.0804313,66.1527967,176.7910637,177.532934,188.3330328,66.4440597,170.1792404,164.2162357,157.7682919,297.9076923,148.6428442,153.9406727,0.505921694,0.141382557,-0.290694878,1.000057954,0.515013777,0.137903458,-0.305410639,0.998292065,0.521287015,0.14296098,-0.295896649,0.999688549,0.523653541,0.123467657,-0.308616973,1.000490129,0.491173065,0.126996821,-0.292057879,0.999534488,0.486591543,0.132290937,-0.299784507,0.998731816,0.472357314,0.127642277,-0.295067943,0.999695083,0.527752326,0.137959463,-0.257229056,1.000523888,0.484052011,0.138030582,-0.259931055,0.998422697,0.508468872,0.15969941,-0.264865375,0.999551209,0.490200881,0.152336768,-0.274473112,0.997931394,0.60729679,0.308561129,-0.0553619,1.000218108,0.397361144,0.294615808,-0.049930289,0.998794128,0.623648859,0.502431152,0.011653658,0.999024761,0.37897269,0.50770779,0.016525428,0.998053383,0.616229968,0.658365525,0.017547636,0.998353016,0.383805354,0.646903223,0.010519966,0.998188773,0.616629749,0.650941698,0.031156144,0.997765281,0.383217643,0.65489087,0.016735611,0.998491257,0.623264544,0.66069572,0.026130674,0.999198784,0.367238689,0.652410941,0.028160523,1.000086969,0.617075916,0.651855638,0.019858884,0.999971061,0.385985177,0.645844912,0.016907994,0.998900951,0.558151094,0.687865034,0.026069296,0.998288708,0.458201523,0.683972941,0.020096254,0.998179668,0.547843208,0.820817413,0.014637181,0.999703777,0.451105612,0.816415203,0.014781356,0.998955555,0.535177352,0.945121083,0.00907091,0.999998185,0.459150102,0.947313388,0.008711664,0.997681923,0.532755474,0.944488814,0.006491948,0.999862506,0.471855832,0.958624396,0.015980762,0.99836514,0.532700448,0.966840702,0.016855171,0.998817158,0.469448383,0.954726685,0.004552932,0.997431141
29,TRAIN/Cobra/cobra30.jpg,151.2823059,149.7231819,71.9446065,69.703533,176.999986,178.5295804,194.997961,77.7602898,172.9454486,160.0834303,164.3537793,291.8351148,147.3708739,149.3999514,0.490863784,0.136069411,-0.292535082,0.999216367,0.516039856,0.141873946,-0.299171974,1.000872482,0.512740334,0.140128915,-0.29309749,0.998386594,0.511029287,0.13288703,-0.2930258,1.000573001,0.487197573,0.136594428,-0.282204573,1.000308239,0.483271131,0.12534734,-0.297849949,0.99935235,0.489864589,0.130453129,-0.293866532,0.999248725,0.5207986,0.144863595,-0.251633448,0.999284004,0.475234721,0.145804977,-0.256965986,0.999062203,0.511532304,0.150920866,-0.273242933,1.00072982,0.493606005,0.160164235,-0.2684006,0.999726565,0.595156423,0.303705623,-0.049431505,0.998946624,0.398337247,0.30685702,-0.052420878,0.999670398,0.621949182,0.508443379,0.029077156,0.999953486,0.378154472,0.494369677,0.012644336,0.999029301,0.620957228,0.6406754,0.025350595,0.999028578,0.378814145,0.649124304,0.021922868,0.999105162,0.630137377,0.654102412,0.026300016,0.999976243,0.367886302,0.654456422,0.024368717,0.998051213,0.627908584,0.663175986,0.020880785,0.99951024,0.36870798,0.66692705,0.027185788,1.000465068,0.610464054,0.653077973,0.01838886,0.997962294,0.387859476,0.650137333,0.029336716,0.999359474,0.543358503,0.674034325,0.024636566,0.999953233,0.455526316,0.671037715,0.022861951,0.999750348,0.558581476,0.815044623,0.017581704,1.000162494,0.456287907,0.82779194,0.026690369,1.000655798,0.537556917,0.949698213,0.005171801,0.998179697,0.468342605,0.937976533,0.006875797,0.997891544,0.53182047,0.950753715,0.007835756,0.999335584,0.466975714,0.941806879,0.010116966,0.99772732,0.534308049,0.950971203,0.015709398,0.999484458,0.465298022,0.96062125,0.01656056,0.997908995
30,TRAIN/Cobra/cobra31.jpg,150.5073289,155.4779581,66.0877125,62.2796058,180.7710794,177.7905071,199.2346991,72.2433858,163.0980573,158.0006231,159.2007585,291.9762913,145.718071,152.625935,0.49647967,0.149488531,-0.301796058,1.000880074,0.519412459,0.13230327,-0.293985712,0.999339014,0.522192797,0.142023932,-0.298987029,0.999812625,0.518932603,0.128937748,-0.296425289,0.99802613,0.494442134,0.144019107,-0.296624324,0.998647319,0.476503215,0.132610716,-0.281960712,0.99817909,0.489376777,0.13907134,-0.288796347,1.000793374,0.533450073,0.14902841,-0.244486283,0.999885499,0.475798912,0.139439507,-0.249510331,0.999352108,0.518393711,0.155387892,-0.275940346,1.000292743,0.481525773,0.161028775,-0.263888685,0.999602152,0.605944071,0.293473623,-0.043651317,0.999321668,0.40333066,0.297846037,-0.053991659,0.999181331,0.614689096,0.505204834,0.02083804,0.999319675,0.379420148,0.490387723,0.011571618,0.997923982,0.620541421,0.646244389,0.023695495,0.998150189,0.370424044,0.653622112,0.024612451,0.999668251,0.615072529,0.66446317,0.024781967,0.998392672,0.383942309,0.651336465,0.020508536,0.998994868,0.615749782,0.665297767,0.013363016,1.000105331,0.372381203,0.656301048,0.029488923,0.998458614,0.622794429,0.657598379,0.017110234,0.998617261,0.385610919,0.65094633,0.015515499,0.99987571,0.544596236,0.684426212,0.021108043,0.999503661,0.455340043,0.675847093,0.030857058,1.000716554,0.543772786,0.810267937,0.029351907,0.999323066,0.449868225,0.828041737,0.02377589,0.998448502,0.540698174,0.942885283,0.008524893,0.999886863,0.467288572,0.93671146,0.019556465,0.997960587,0.527691643,0.949708531,0.005357822,0.998990979,0.461844815,0.954073896,0.012419216,0.99838091,0.521913076,0.950885696,0.002137149,0.998196856,0.472186088,0.966940466,0.009667746,0.997296703
31,TRAIN/Cobra/cobra32.jpg,151.8788027,148.6063609,68.8574874,61.554642,180.0903146,174.9284245,198.5811613,70.2339795,165.3827493,164.4603836,166.6343765,294.1994124,144.0450102,146.22383,0.502948904,0.133954083,-0.300467656,0.998921398,0.503230507,0.143189824,-0.30312658,1.000794,0.517632656,0.13043908,-0.303545721,0.998274679,0.518587126,0.125220252,-0.29791284,0.999230895,0.485648448,0.128297474,-0.299612055,1.000262674,0.481684937,0.141726403,-0.293945921,1.000477634,0.48989838,0.140263444,-0.281705194,0.99879708,0.531214054,0.146534517,-0.248343522,0.998375354,0.467605721,0.142025803,-0.249657371,0.999536241,0.513862012,0.148556345,-0.266937294,1.000757409,0.499356926,0.163298675,-0.265447655,0.998606903,0.608480085,0.298684865,-0.044211925,0.999340049,0.40763737,0.29515766,-0.056174613,0.99881715,0.622593292,0.496852157,0.016086013,1.000490207,0.380377841,0.493295818,0.029489725,0.998929175,0.619531059,0.646751169,0.018122012,0.999833012,0.376147704,0.657886543,0.02733098,0.999642768,0.631698357,0.662267667,0.026427087,0.999788698,0.369527888,0.668561916,0.027945482,0.999422122,0.615507221,0.657418006,0.02928288,1.000383026,0.379529684,0.6624199,0.023352483,0.997528451,0.60931631,0.655980034,0.019658584,0.998833647,0.374548896,0.659579623,0.018110351,0.999483568,0.55938011,0.686665788,0.022517815,0.998685097,0.443075794,0.670661059,0.028251828,0.999698786,0.541061027,0.825209493,0.024356648,0.99860529,0.456603684,0.829490848,0.028247416,0.99983631,0.53296617,0.934834536,0.018884455,0.997840947,0.459202296,0.946391845,0.007920039,1.000234328,0.530172493,0.959200032,0.006565176,0.998714734,0.47075919,0.95757604,0.012682688,0.99856511,0.522517474,0.962207529,0.004455484,0.999836674,0.472216389,0.969701048,0.005457948,0.999303382
32,TRAIN/Cobra/cobra33.jpg,144.6173425,152.203337,69.6484575,71.0087693,180.7769631,177.8842843,192.1686708,71.0070756,167.154385,164.3224748,164.4501995,299.7560059,144.9890397,147.2349403,0.507260892,0.130397582,-0.306623785,0.999193829,0.518255515,0.139835077,-0.300700534,1.000238117,0.513053681,0.123211955,-0.295605942,0.998329749,0.521255352,0.132492987,-0.29593658,0.999808465,0.488646479,0.141848537,-0.291868415,1.000493996,0.487898424,0.12902212,-0.290967798,0.999366672,0.486840694,0.135113298,-0.293638022,0.999875976,0.51604995,0.148421539,-0.256479278,0.998645753,0.473011047,0.139854186,-0.257127835,1.000015988,0.501223303,0.153657359,-0.260992708,1.000334274,0.485352789,0.156418087,-0.267560544,0.998817331,0.594623953,0.301491372,-0.048250358,0.99873153,0.407073433,0.304786835,-0.046562623,1.000495379,0.62582369,0.503777793,0.01349035,0.99920643,0.383878264,0.496687478,0.01396256,1.000281706,0.626519908,0.64197216,0.014426301,0.997759081,0.379628038,0.645544684,0.014971042,1.000394439,0.628584283,0.651009472,0.034715205,0.998769302,0.367029417,0.653574267,0.020862405,0.998926959,0.618069962,0.660670821,0.022774673,0.998072632,0.383378636,0.651145651,0.01683455,0.998540522,0.614483933,0.643452458,0.010963955,0.998145614,0.37464138,0.643916752,0.010566746,0.999526105,0.54731275,0.677129895,0.030686428,0.999395969,0.456079436,0.689120443,0.025335463,1.000893001,0.541046545,0.813037709,0.027907219,1.000253459,0.453502073,0.828926066,0.017865405,0.998013619,0.541874625,0.933125389,0.016260244,1.000067553,0.452631918,0.934651404,0.016015688,0.99760678,0.534726282,0.95033745,0.011727651,0.999533442,0.471445911,0.954655201,0.017718521,0.999710256,0.52698593,0.964858451,0.01458452,0.997830181,0.47921996,0.968632012,0.01948213,0.998749411
33,TRAIN/Cobra/cobra34.jpg,155.9917789,144.761203,70.3040783,71.2998581,176.8843538,176.9770659,188.9404237,77.1818437,167.322427,158.7673693,166.5055092,297.1088578,145.5775311,146.3320058,0.494920627,0.146797911,-0.301388334,1.000134942,0.502682558,0.142041483,-0.29657298,1.000517825,0.518142663,0.140835546,-0.295677621,0.99861234,0.512628466,0.138480016,-0.309984483,0.999207455,0.481463151,0.125830711,-0.296923145,0.998843177,0.48624754,0.130708246,-0.283826486,0.999902934,0.478400538,0.129907852,-0.282454711,0.998818216,0.528716772,0.143854608,-0.251550836,1.000638712,0.475103728,0.144903258,-0.248142787,0.998227913,0.501572945,0.150690592,-0.264913794,1.000098203,0.496991583,0.159653591,-0.268002086,0.999356777,0.600268885,0.300016732,-0.058036736,0.99968169,0.390765298,0.305984974,-0.042083376,0.999869331,0.617717475,0.49486146,0.020460054,0.999022895,0.380165123,0.504154431,0.024677182,0.998065785,0.626346004,0.647064423,0.018409282,0.999487654,0.389860223,0.65255421,0.023216767,0.998845428,0.63486522,0.665174908,0.025726057,0.997980936,0.374572659,0.660480108,0.01524063,1.000347739,0.627290713,0.65113186,0.012035552,0.999414956,0.378079515,0.661464591,0.030872792,0.998371149,0.611086756,0.645863109,0.014215567,0.998659925,0.372354852,0.652315301,0.024543035,0.999535763,0.540575566,0.680669345,0.020994337,0.999101027,0.448868892,0.687686159,0.035204701,0.999651965,0.559772913,0.817424567,0.022830865,0.998840038,0.445681112,0.820972494,0.018233122,1.000475096,0.535204246,0.939616119,0.011285973,1.000331458,0.457578363,0.940302043,0.008357126,0.998617723,0.542367946,0.946752526,0.009828469,0.997302929,0.463499731,0.947086468,0.000908676,0.999006506,0.535912104,0.966420536,0.004144564,0.997811011,0.478522567,0.951788097,0.000976291,0.99877745
34,TRAIN/Cobra/cobra35.jpg,149.0223288,152.4171404,63.7585957,69.63711,175.8082163,177.1755359,202.3811976,71.1422669,170.5842174,158.5671369,164.2463644,298.2560937,149.7853316,145.9034504,0.503540138,0.131988433,-0.300097419,0.999571629,0.502165307,0.140655295,-0.293207015,0.998223194,0.510663426,0.13260973,-0.306926021,1.000456342,0.512871546,0.134295727,-0.307230086,0.999024846,0.49636129,0.131740305,-0.299524498,0.99807341,0.48184203,0.13479708,-0.299372986,1.000880584,0.484398424,0.13431616,-0.288277017,0.999551684,0.519175617,0.146932718,-0.251970768,0.999274743,0.475408568,0.139566207,-0.253802873,0.99819219,0.504291102,0.149043958,-0.264128912,0.998746295,0.490523038,0.16044894,-0.278811221,0.997989726,0.591589358,0.294468033,-0.05685223,0.99882164,0.408736768,0.309718316,-0.050165628,1.000820975,0.615559594,0.498753658,0.021362777,1.000685322,0.378255532,0.509807393,0.018266246,0.998962458,0.620239693,0.649930615,0.013893028,0.997999328,0.382112709,0.647551842,0.012905443,0.998165609,0.630559782,0.662636728,0.016113736,0.997997801,0.369996234,0.652592786,0.032932792,0.99836091,0.620445606,0.662871161,0.021032158,1.000044021,0.386069078,0.651689044,0.01357625,0.998606888,0.61927724,0.642869598,0.01524789,1.000169083,0.389016812,0.645320035,0.027241146,1.000047685,0.540239447,0.671388995,0.028050939,0.998030334,0.450845299,0.67229517,0.023593856,0.999637344,0.549755933,0.821066505,0.025426482,0.999257743,0.452284227,0.821674064,0.017632348,0.998381103,0.531657952,0.932810701,0.007818161,0.998468877,0.461033106,0.946240362,0.017155548,0.998408238,0.528105855,0.942894952,0.015984895,0.997778565,0.466106428,0.945021242,0.010884397,0.998178659,0.534483738,0.954886327,0.009229789,0.998286071,0.466004068,0.950831047,0.018860439,0.999412794
35,TRAIN/Cobra/cobra36.jpg,155.9438007,157.6143968,62.378794,62.829995,179.0742397,177.7877907,199.994773,77.0410402,170.8798627,163.2513934,157.9824367,296.1800508,144.0768134,144.0232373,0.495273886,0.148613587,-0.294240877,1.000520073,0.511357218,0.139887143,-0.293383615,1.000343748,0.521084749,0.135312772,-0.295327246,1.000440997,0.517567302,0.13415555,-0.298015051,1.000565173,0.494525622,0.133184139,-0.288955769,1.000231188,0.480789321,0.142376448,-0.295591111,0.998135476,0.471864727,0.13611237,-0.289686626,0.998232593,0.532157307,0.147097908,-0.247330238,0.998836151,0.483975547,0.13683612,-0.258281523,1.000011614,0.503131447,0.157723618,-0.271101314,0.999661739,0.480044529,0.151236383,-0.279228952,0.998983475,0.590027271,0.304896803,-0.044152302,1.000320016,0.408054699,0.299064707,-0.054081756,1.000352585,0.619175426,0.494253603,0.010435619,0.998113699,0.386186484,0.497073749,0.028208499,0.998615299,0.619476025,0.658927319,0.013049324,0.998684367,0.389534334,0.65199287,0.02581119,0.999064982,0.620354581,0.654449682,0.032157029,1.000312077,0.370310493,0.662364738,0.026612489,1.000263321,0.623505256,0.648074199,0.030851364,0.998240797,0.369130852,0.652575187,0.026955879,1.000496637,0.613778611,0.645716443,0.022601472,1.000290415,0.373416167,0.658669114,0.010338428,0.997903489,0.555181551,0.679018406,0.024674856,0.998096103,0.452918075,0.670909466,0.029778209,1.000743855,0.544828718,0.823708902,0.010724114,0.997880287,0.450676308,0.818120928,0.016645746,0.999021011,0.531892422,0.936442383,0.007923296,0.998665492,0.455772408,0.931228657,0.008816247,1.00035175,0.533000114,0.951988942,0.017536279,0.998135713,0.467711552,0.951677564,0.010376507,0.997814872,0.525046513,0.951386728,0.000242341,0.998848894,0.46810575,0.952130474,0.019764556,0.99966406
36,TRAIN/Cobra/cobra37.jpg,149.2959184,150.496565,71.0419228,66.3341894,180.6981051,178.5913139,190.5507766,71.7656579,168.7412201,159.7193078,157.3672483,290.2318227,155.882765,143.4436672,0.500556103,0.132212961,-0.292300657,0.999227049,0.511474688,0.140177793,-0.293357052,1.000878101,0.51056064,0.123472521,-0.291561727,0.998704149,0.515874493,0.139896264,-0.293796926,0.998902563,0.491838362,0.133954778,-0.295451008,0.998599881,0.488239589,0.129060761,-0.288707107,0.999121471,0.484026594,0.127848863,-0.281197536,0.998586435,0.534712768,0.139600898,-0.24640588,1.000355631,0.479537855,0.137203862,-0.24186257,1.000529302,0.515142626,0.151222334,-0.266105364,0.999657,0.483602246,0.157530155,-0.260401065,0.998543327,0.597718337,0.292233363,-0.045206016,0.999332868,0.406629434,0.294707161,-0.040111008,0.998549368,0.6213585,0.496068772,0.018551438,1.000539116,0.375460926,0.499906199,0.024455488,1.000587283,0.613921522,0.654924965,0.02120315,0.998746988,0.380521043,0.657156452,0.029394978,0.998430804,0.627434683,0.667315135,0.028177061,0.998664061,0.374064701,0.651849776,0.029025908,1.000473099,0.632179178,0.653469592,0.016015164,0.997873104,0.382302123,0.66634822,0.019810339,1.000311677,0.616608422,0.649305826,0.021184301,0.997703804,0.389454272,0.658495131,0.019250151,0.997775886,0.557616726,0.672428703,0.02272495,0.997973493,0.453949719,0.681748959,0.032247111,1.000703388,0.547419889,0.81525947,0.016045193,0.998425878,0.451850592,0.823879233,0.018957208,0.998104873,0.535919413,0.949543606,0.012917764,0.998581858,0.450098052,0.947478621,0.011985996,0.998212011,0.53822824,0.949508722,0.01679856,0.997297169,0.465820129,0.947902394,0.019075292,0.998749574,0.523018309,0.956443084,0.012086735,0.999456734,0.461095209,0.950477071,0.018478331,0.99806829
37,TRAIN/Cobra/cobra38.jpg,142.8575354,143.7665672,62.9624523,72.5010402,179.9141002,178.0033341,198.9975348,66.9979703,166.2670295,156.885595,155.8449583,296.3667172,146.3103175,146.0950763,0.49504757,0.145426321,-0.297530268,0.99944281,0.502786301,0.126754401,-0.305380238,0.998040636,0.519797339,0.133239876,-0.296897029,0.998479652,0.527073889,0.134320188,-0.30249064,0.999618882,0.48102468,0.138607984,-0.280997764,1.000639617,0.491398372,0.140053948,-0.290438574,0.998489926,0.488643355,0.122471527,-0.294726079,0.998687198,0.517497379,0.143525381,-0.24112129,0.999298612,0.477561941,0.142562593,-0.251746161,1.000603134,0.507256012,0.151340199,-0.271620181,0.999717725,0.482528904,0.146436434,-0.260173701,0.999540851,0.607575729,0.290419825,-0.055733542,0.998144834,0.404544701,0.297952705,-0.05425146,0.999342077,0.61126261,0.502593862,0.02949495,0.998470033,0.370581115,0.493791666,0.015235969,0.998149105,0.622555828,0.652151014,0.018471211,0.998267823,0.388261217,0.652189784,0.011322352,1.00024285,0.623690908,0.650299011,0.019876364,0.998175985,0.376548103,0.651354396,0.026431303,0.998184348,0.616593697,0.654865788,0.027767879,0.999100981,0.384710224,0.660701292,0.020046375,0.998862642,0.610033979,0.649610686,0.022050059,0.998783286,0.377200735,0.658914289,0.021353409,0.999936979,0.543308317,0.673730001,0.023700182,0.999744702,0.455232206,0.675162764,0.033675883,0.998735263,0.55922868,0.826028696,0.024939856,0.999087614,0.454069494,0.820842571,0.020145912,1.000416325,0.547675875,0.93148771,0.015663074,0.998167689,0.450926644,0.935150079,0.012099996,0.999059212,0.531409491,0.949993643,0.001703458,0.998001831,0.46904961,0.951876643,0.013198521,0.999082756,0.535418469,0.968196926,0.013972009,0.997400698,0.469629635,0.959578184,0.012194997,0.997415191
38,TRAIN/Cobra/cobra39.jpg,147.7012922,144.5675032,63.8233287,69.5588715,176.5986799,176.341041,190.766089,68.0195862,167.1245631,166.6358936,166.599509,293.3243167,144.2698479,144.7490505,0.496480018,0.135939134,-0.299296252,0.99792014,0.512449775,0.131894011,-0.29761543,0.999603322,0.514794117,0.138391238,-0.295570321,1.000810514,0.525933109,0.124911307,-0.293388433,1.000830238,0.497054298,0.131316943,-0.293074866,0.999592975,0.487869975,0.125920976,-0.285603767,0.998708297,0.471706768,0.122287812,-0.28649175,1.000862917,0.534263507,0.139120992,-0.25563164,0.999483118,0.467968353,0.137102927,-0.240843165,0.999289049,0.508621773,0.147068201,-0.272704643,0.999566833,0.494605666,0.148207354,-0.275840114,1.000289448,0.600860809,0.297229875,-0.040875186,0.99799622,0.408954659,0.303988507,-0.04843927,0.998398385,0.615054923,0.502749876,0.012786308,0.999199013,0.389230972,0.506771209,0.013425671,0.998131892,0.627759521,0.653659038,0.020434049,0.998308168,0.373435297,0.648827535,0.024325382,1.00064477,0.630249934,0.65581216,0.021978714,0.998051676,0.374438725,0.65013167,0.027343655,1.000034861,0.624008264,0.650754535,0.021399206,0.999988813,0.368387095,0.661637568,0.015203315,0.999339216,0.616597639,0.659760467,0.022584613,0.998378741,0.375140203,0.656627379,0.016544757,0.998396051,0.553688625,0.670389684,0.039139901,1.000555006,0.440647222,0.672296469,0.026071492,0.999513298,0.545118657,0.812577959,0.018585488,0.998318755,0.453801634,0.810257298,0.018366832,1.000788098,0.532692807,0.934812542,0.000765727,0.999737467,0.460578942,0.930056411,0.018088292,0.999508997,0.538656057,0.957543106,0.012794899,0.997592474,0.464137933,0.956137572,0.011486313,0.999941833,0.535350401,0.952830916,0.01913404,0.996990408,0.472122893,0.967424002,0.014189284,0.997563341
39,TRAIN/Cobra/cobra40.jpg,148.7524299,157.3976321,67.1152699,65.6260837,178.3489108,178.3612996,191.8887799,68.9847509,171.5812806,159.0508698,158.3413781,291.0435354,155.3144085,147.6744174,0.498717882,0.135278064,-0.300713845,0.997991883,0.51093191,0.130802997,-0.295312384,0.999556957,0.506997048,0.137577364,-0.308100326,0.99912165,0.512854026,0.139907417,-0.293397289,0.998409869,0.480071859,0.127591879,-0.298082147,0.998975994,0.481357023,0.123363169,-0.28780321,1.000318161,0.482305477,0.140564498,-0.291685953,1.000092424,0.530456727,0.132443381,-0.243270855,1.000025045,0.472449557,0.143962618,-0.246073717,0.998299477,0.515863667,0.15605349,-0.279040116,0.999409643,0.490964963,0.164682122,-0.267041567,0.999807883,0.594700233,0.308424677,-0.0451966,1.000763941,0.407016666,0.29612125,-0.04009883,0.99842307,0.616797247,0.507407321,0.013969546,0.998892397,0.385431766,0.491738792,0.028292709,1.00012888,0.626341427,0.646386826,0.023716463,1.000204472,0.379260137,0.654082487,0.021043266,0.998231505,0.615807537,0.651649121,0.023902844,0.999094573,0.36537362,0.654759197,0.020094542,1.000391523,0.629046833,0.658672935,0.027950614,0.997520979,0.382184646,0.657417757,0.028735401,0.998795299,0.623985454,0.658990913,0.016189965,1.000103274,0.375561817,0.661833085,0.014403706,1.000271835,0.546569536,0.683842729,0.025900333,1.000092512,0.451925145,0.673620933,0.0265197,1.000280355,0.551270618,0.818859093,0.018898347,0.999598753,0.459651089,0.811765266,0.023612389,1.000155763,0.54978878,0.945949619,0.004469994,0.999625924,0.465171922,0.939354718,0.019431317,0.998826456,0.530002282,0.955341086,0.013656574,0.997263289,0.462781092,0.950989845,0.01957812,0.999546605,0.539359596,0.961408803,0.018231274,0.997016928,0.475130253,0.967563891,0.013185951,0.999792782
40,TRAIN/Cobra/cobra41.jpg,144.9045451,155.4254023,64.4170105,69.5118389,178.5706762,176.255766,187.1241984,72.1682146,165.722946,161.1914755,163.98,289.0784753,150.0910476,149.9332052,0.500324301,0.142348553,-0.305454374,0.999960577,0.518413635,0.130615265,-0.291949923,1.000121421,0.519954022,0.137610452,-0.298555101,1.000165304,0.519583287,0.138677137,-0.293087184,0.998279937,0.482102651,0.14312726,-0.293432804,0.999081842,0.475972772,0.138662915,-0.283020672,0.998533731,0.483535179,0.135963366,-0.282361437,0.999929878,0.532650296,0.132910676,-0.252690098,0.999828125,0.483867697,0.147215606,-0.249757964,0.999437589,0.502098268,0.160459362,-0.274835947,0.998604556,0.491507608,0.152918514,-0.275145745,1.000035293,0.607930901,0.290171058,-0.059918543,0.998611636,0.40174771,0.302309531,-0.040395641,1.00044896,0.628852785,0.503069466,0.015943778,0.998630079,0.379251096,0.508013101,0.023188952,1.000408645,0.616194137,0.642206387,0.029260215,0.999055698,0.381630608,0.656566779,0.024876347,0.998106313,0.62780499,0.668525038,0.020696185,0.998196779,0.380371845,0.666606892,0.034870289,0.997827376,0.620819984,0.666733655,0.026672517,0.998248457,0.378594782,0.666392064,0.016185959,0.999333672,0.614587797,0.654533493,0.024212769,0.999103075,0.373083804,0.658247499,0.024080855,0.999116905,0.548583866,0.680125631,0.026284515,0.999422149,0.444459367,0.683438622,0.026597313,0.999897979,0.555947364,0.811440867,0.019539027,0.99872829,0.456476225,0.829819651,0.02354381,0.999266417,0.549104903,0.934210318,0.019921574,0.999456464,0.451957234,0.943734166,0.009319418,1.000371905,0.526878389,0.958424117,0.012736419,0.997579916,0.468151779,0.952838373,5.2281e-05,0.998523583,0.52435824,0.961677364,0.002972244,0.997492114,0.474231987,0.956430937,0.000273081,0.99961257
41,TRAIN/Cobra/cobra42.jpg,148.5408036,152.4058976,66.0808107,72.4472237,176.998184,178.5949652,198.6487266,68.6904998,170.649793,167.5440636,166.1563597,297.9340271,148.7110555,145.3468093,0.499172015,0.136271239,-0.296580565,0.998893044,0.502377623,0.137461379,-0.306882497,0.999682707,0.506072602,0.125793082,-0.307440822,0.998703515,0.519745977,0.126840384,-0.294155787,0.998889218,0.480667597,0.129860513,-0.292861302,0.999004433,0.488897214,0.142733891,-0.299161967,1.000845872,0.470734957,0.129221465,-0.29059473,0.998120929,0.523361933,0.136183362,-0.241259644,1.000278901,0.476272016,0.145986414,-0.244016092,0.998233471,0.503202349,0.156020246,-0.275014369,0.999888016,0.481864876,0.157697353,-0.270447818,1.000097257,0.605713911,0.306854778,-0.053501445,0.999212798,0.398104423,0.308122535,-0.056622801,0.998348281,0.629568491,0.502982148,0.023124305,0.999696961,0.377293555,0.495920792,0.018384927,0.999884924,0.614966648,0.640087419,0.015133398,0.99880915,0.38622557,0.646802187,0.016659341,0.998078208,0.623157799,0.664113856,0.023574078,0.998999167,0.374745771,0.660778671,0.031040201,0.99843484,0.62887171,0.652641736,0.014737969,0.998729828,0.386723279,0.659531167,0.02401212,0.998288559,0.624469611,0.642707313,0.020390972,0.999482843,0.388496197,0.650006148,0.017540593,0.999382068,0.556392343,0.67284234,0.039197817,1.000569376,0.451256117,0.673674834,0.033713038,0.998349,0.551284676,0.817490495,0.016743174,0.997870091,0.442083669,0.825465179,0.010742524,0.999729945,0.548320159,0.93047514,0.014426042,1.000368557,0.463564305,0.933452869,0.001116339,0.999252056,0.529175702,0.946186774,0.000663292,0.998309271,0.464512466,0.943271796,0.002290104,0.997546965,0.521477714,0.962981069,0.013717342,0.999164728,0.476357952,0.961763324,0.012703862,0.999417239
42,TRAIN/Cobra/cobra43.jpg,153.8501218,145.5208208,73.0383776,70.3983596,178.6564016,174.6748494,200.6016137,68.6919758,167.8038394,157.915385,166.0357312,287.6739796,144.6678396,149.7107073,0.507689211,0.140218157,-0.296952645,0.999233414,0.505594565,0.1340806,-0.308917179,0.998758216,0.516193196,0.132819911,-0.299170526,1.000567415,0.525785719,0.138813282,-0.291329353,0.998086419,0.483870314,0.128175589,-0.286795324,1.000391784,0.489945813,0.123515842,-0.298416994,1.000890487,0.478427769,0.132538429,-0.298939682,0.998773409,0.523319145,0.138381725,-0.249934611,0.998872132,0.479813033,0.135415035,-0.251832962,1.000433928,0.508339119,0.158852208,-0.27961095,0.999179761,0.496606298,0.150305388,-0.27688737,0.999782882,0.608336317,0.309986476,-0.056462319,0.999283096,0.399060971,0.299315528,-0.054987831,0.999384454,0.628122804,0.495217424,0.018830377,1.000231391,0.383981495,0.495451692,0.016361608,0.999204308,0.625508723,0.641057155,0.018679527,0.998126838,0.382296434,0.650002463,0.019075205,1.000463839,0.625915118,0.653101264,0.025449054,0.999886696,0.367726617,0.665932978,0.017932553,0.998703161,0.627391061,0.662148875,0.027117789,0.998271473,0.375750937,0.648026196,0.015917503,0.998978075,0.620909475,0.660830122,0.010665508,0.998561578,0.386344707,0.652854975,0.010211489,0.998003794,0.553799474,0.689273903,0.028028386,0.998816843,0.449439001,0.687398903,0.036762274,0.999807932,0.542886905,0.821652666,0.013818163,0.998169632,0.443484004,0.82523504,0.015250172,0.999469933,0.537219274,0.949659632,0.013445027,0.998310171,0.466769098,0.945836065,0.001694816,0.999311791,0.544542082,0.951127338,0.005233825,0.997059162,0.463799842,0.95861924,0.002369997,0.997003524,0.530288729,0.964478614,0.008007723,0.999516668,0.462055434,0.953411001,0.009590768,0.998846593
43,TRAIN/Cobra/cobra44.jpg,153.5924983,143.8770254,71.9241227,61.6985819,176.3565332,176.5478929,195.7675493,70.4758811,167.4263458,160.5516852,163.3926551,297.3698673,147.5240501,143.99885,0.491074171,0.149488911,-0.308168185,1.000679119,0.511412998,0.125010076,-0.296474288,0.998052989,0.507122705,0.134105347,-0.302757587,1.000079538,0.510236413,0.121961305,-0.303039688,0.99876718,0.489471107,0.138721551,-0.281394196,0.998588931,0.488653555,0.126512504,-0.298361832,1.000869272,0.473442972,0.139024404,-0.290586641,1.000613401,0.530811117,0.13946742,-0.247031555,0.999923317,0.478079056,0.147201911,-0.253324746,0.998590204,0.511982922,0.151425822,-0.262658638,1.000863292,0.494963322,0.150088098,-0.264798321,0.998939646,0.597671557,0.303564026,-0.047689398,1.000125988,0.403378981,0.29331527,-0.054374387,0.999113391,0.612260116,0.505571206,0.014223783,0.998675162,0.388823155,0.505738093,0.027015749,0.998078747,0.627961426,0.643753084,0.019171719,1.00004293,0.382252197,0.644595389,0.018882771,0.998971246,0.630031885,0.664831172,0.030428928,0.999560181,0.373945773,0.660671464,0.029870847,1.000201529,0.62834245,0.64809597,0.02260389,0.998530515,0.382336435,0.66416669,0.021156102,0.999296135,0.608928529,0.649263402,0.015965493,0.999570762,0.382324223,0.643576816,0.015457403,0.999236823,0.550310161,0.674228778,0.036389746,0.998912228,0.448015355,0.675664829,0.020902655,0.998966454,0.545109836,0.81661402,0.021298748,0.999532676,0.448734594,0.813653147,0.017477707,0.99853046,0.532907143,0.938827438,0.011823249,0.997791514,0.4523312,0.943829489,0.001135075,0.999603404,0.532438896,0.95385963,0.001416406,0.998602696,0.463207169,0.948485818,0.010233572,0.998661709,0.539909313,0.956430141,0.00444745,0.997397835,0.464855257,0.966535056,0.008240998,0.99840024
44,TRAIN/Cobra/cobra45.jpg,145.3543147,156.0997481,67.4475174,69.33336,178.9050063,178.1590798,200.6227426,66.0997695,170.5935958,166.6169969,156.7735605,300.7348171,147.1763667,147.1539846,0.509356113,0.139906802,-0.29135145,0.997925956,0.517031244,0.130930134,-0.293475313,1.000367908,0.515340833,0.140687415,-0.300314606,1.000275055,0.527289262,0.135365233,-0.307181874,0.998092713,0.495173923,0.130638315,-0.280565144,0.998666154,0.489576878,0.128600817,-0.293899058,0.99791476,0.473490099,0.125958132,-0.290886656,0.998211081,0.529421164,0.148377018,-0.246356141,1.00086,0.48259158,0.131612081,-0.251404399,0.999274034,0.50998073,0.155706707,-0.263826556,0.998932411,0.482881137,0.161643595,-0.276381416,0.999238043,0.608854791,0.29855715,-0.041610342,0.99945541,0.402373187,0.301793606,-0.049164836,0.999283073,0.619412743,0.495863881,0.016587788,0.998573947,0.379038382,0.49589822,0.011385424,0.998632905,0.612310933,0.652207533,0.029902308,0.999866131,0.381624893,0.653838414,0.014260576,1.000684163,0.633338784,0.663825116,0.03425122,0.998804893,0.37890759,0.656657427,0.034820927,1.000463614,0.624628537,0.653023358,0.029916253,0.999047797,0.367544307,0.651063824,0.017576,1.000432362,0.613726855,0.647892119,0.022080856,0.998665797,0.387766476,0.648989453,0.012376569,1.000061261,0.559623768,0.67819179,0.036066349,0.998308309,0.442646258,0.688431917,0.037356227,0.998086307,0.558837867,0.819306679,0.023144617,0.998805864,0.445046464,0.81060512,0.016321456,0.998496197,0.537575347,0.932626393,0.002610727,0.999406997,0.455990181,0.934961516,0.004263597,0.998819978,0.538503745,0.956168525,0.018271809,0.99914642,0.473168795,0.941348116,0.008277127,0.9989461,0.525685376,0.959131365,0.017486755,0.998155109,0.477231549,0.965996015,0.002102797,0.99877663
45,TRAIN/Cobra/cobra46.jpg,145.3553107,154.1764561,67.8985128,71.1692313,178.345604,176.9296202,199.1327382,66.5698329,166.9509283,156.9308912,163.3634537,291.7809227,151.4709948,149.1278848,0.500271989,0.13753418,-0.302927212,0.99887831,0.516667614,0.126598097,-0.291398154,0.998395742,0.522090288,0.13661324,-0.306479588,0.998318529,0.528762833,0.139297404,-0.299533768,0.999520883,0.488655826,0.125830072,-0.281493479,1.000402543,0.487269055,0.130802266,-0.281553151,0.999717162,0.485223597,0.124512062,-0.289969969,0.998368957,0.528853581,0.140652313,-0.254268831,1.000550285,0.471566771,0.13088912,-0.258415151,0.998560658,0.513490236,0.161289826,-0.269192119,1.000501143,0.489205431,0.160853388,-0.264907288,0.998402761,0.604915843,0.308359283,-0.055840297,0.999197772,0.397632706,0.298729576,-0.054140402,1.000262944,0.628589349,0.504979442,0.020902801,0.998208552,0.388894821,0.504048469,0.025555919,0.998358458,0.612880503,0.649255369,0.017574381,0.997787181,0.374864019,0.640125843,0.029878827,0.999149351,0.626220763,0.666623237,0.02375263,0.997739981,0.379867593,0.658133998,0.028316762,0.998182668,0.617437285,0.660754535,0.018939175,1.000110258,0.382134914,0.667119153,0.026084658,0.998941016,0.614842463,0.650505657,0.013857556,0.999351122,0.389175568,0.659027389,0.019058322,0.99933295,0.555342069,0.671118693,0.026611833,0.998918971,0.447129057,0.681680225,0.02436648,1.000724555,0.555518983,0.814412527,0.022720567,1.000274743,0.443404306,0.816887819,0.028489356,0.999144487,0.548231995,0.936243449,0.00326434,0.998263721,0.465266044,0.949419172,0.006621348,0.998513253,0.543164836,0.950424151,0.014528905,0.999101074,0.459458634,0.951576945,0.008997363,0.999746508,0.529163067,0.95077355,0.002085224,0.998146707,0.47942132,0.960748741,0.019086807,0.997979055
46,TRAIN/Cobra/cobra47.jpg,151.340501,153.202109,72.3707226,65.7967709,178.8695408,175.39708,193.2555867,75.4412497,171.7375354,160.5613636,155.1219104,302.4225538,147.3424497,151.0544384,0.507955537,0.144922558,-0.301375314,1.000138333,0.504144582,0.13923351,-0.297528006,0.998111659,0.518795673,0.12866847,-0.297954247,0.998956748,0.519304899,0.134789436,-0.309419852,0.999877706,0.488464812,0.128233618,-0.286452196,0.998685311,0.481255715,0.139806105,-0.286450217,0.998737142,0.473193197,0.126491738,-0.290236206,0.997972088,0.526103171,0.136460619,-0.258816862,0.998286321,0.479368216,0.134507779,-0.240895696,0.999627762,0.500578717,0.147346565,-0.265573187,0.999413664,0.481822348,0.160184136,-0.277124385,0.998571537,0.597117074,0.300994476,-0.058933179,1.000573278,0.400962288,0.309964232,-0.059236181,0.999920976,0.628932915,0.497319506,0.014369193,0.999171103,0.386754104,0.493954543,0.018074004,0.997863528,0.622717759,0.648997036,0.013314015,1.00000084,0.371417555,0.646375403,0.017619432,0.999524459,0.628201005,0.657361818,0.028936752,0.999244098,0.382959479,0.657069065,0.024892748,0.999205038,0.625232108,0.655417071,0.019356891,1.000173097,0.373484203,0.660970766,0.025766579,0.998660168,0.6192629,0.654630825,0.018862209,0.998301088,0.379290997,0.659801832,0.026796821,1.000092712,0.551183015,0.682485313,0.038841195,0.999969036,0.442619629,0.687064807,0.037937692,0.998330237,0.558660572,0.828848084,0.027884401,1.00012092,0.452904755,0.820012473,0.025496841,0.998022918,0.543002227,0.931925614,0.001342022,0.999387457,0.453699481,0.935987388,0.018153552,0.998974278,0.539210651,0.946393389,0.001200845,0.997613528,0.47078984,0.953296221,0.009471686,0.998157152,0.532459223,0.955241541,0.004049624,0.998438673,0.475492204,0.952829931,0.019021428,0.997465659
47,TRAIN/Cobra/cobra48.jpg,153.660509,153.931232,64.9036687,69.6819453,175.5493715,175.0111881,202.872263,76.53664,165.8573088,164.8414153,157.0744701,290.2044003,153.2748446,145.802619,0.502879715,0.145885977,-0.30955896,0.998651543,0.503520549,0.13933099,-0.293545186,1.000603535,0.512233948,0.139609062,-0.30670468,0.999334586,0.51633969,0.132363662,-0.295851959,0.998746939,0.496345989,0.137155643,-0.294942387,0.998308886,0.493217938,0.127733337,-0.296922734,0.99880746,0.470163222,0.132073763,-0.288113131,1.000764436,0.53063457,0.134078927,-0.253947908,1.000789698,0.484547883,0.135239722,-0.24995321,0.999000669,0.501373147,0.149286781,-0.264657258,0.999770238,0.493838091,0.162849876,-0.271449621,0.999148032,0.59371279,0.294784333,-0.043612269,0.998247924,0.392329945,0.290518398,-0.056691515,0.998158937,0.62391611,0.494076326,0.01167166,0.998471365,0.371845339,0.50184126,0.016106308,0.997903109,0.622361381,0.65901576,0.011014786,0.999335107,0.380565836,0.641404714,0.017596923,0.998936506,0.63119139,0.653155666,0.017340344,0.999216837,0.378522008,0.667377192,0.015722007,0.997962239,0.626414023,0.651843865,0.019851102,0.999184764,0.383332814,0.652137943,0.020845373,0.997954813,0.623207507,0.659620031,0.022520706,0.998867168,0.391834024,0.661475985,0.024230496,0.999487318,0.541384094,0.679685062,0.020226904,0.999865584,0.453815634,0.688038261,0.021844834,0.998245455,0.550123553,0.825254573,0.015811244,0.998763178,0.457336155,0.81224029,0.024443539,1.000145165,0.530458525,0.947747084,0.004980308,1.000358056,0.455269933,0.937357597,0.000556319,0.998979278,0.530122036,0.950384773,0.015398935,0.998034827,0.471527527,0.94991863,0.006935049,0.999110067,0.527162119,0.967193267,0.009184606,0.997578281,0.476510192,0.965118053,0.004179351,0.998083122
48,TRAIN/Cobra/cobra49.jpg,155.363969,153.5941923,73.5161723,67.0459421,175.4609759,177.9139383,200.6444228,74.9322382,170.6917309,159.7854869,165.665754,299.0806901,155.7186449,154.6525334,0.509082127,0.145193843,-0.298533378,0.999037347,0.515429723,0.126208539,-0.302021252,0.99928497,0.505273285,0.13487616,-0.304381292,1.000641992,0.527253249,0.140356961,-0.302055738,0.999713788,0.497225936,0.127738496,-0.284682641,0.9985546,0.48422425,0.123585564,-0.297838101,0.999943562,0.480458299,0.121178051,-0.29947144,0.999386432,0.53326143,0.135486965,-0.259028877,0.999162569,0.469992943,0.134324053,-0.255690148,0.997991862,0.515052723,0.151752905,-0.269309665,0.99937276,0.485706283,0.158916895,-0.266130209,0.999556178,0.602461025,0.303021812,-0.055131883,0.998905161,0.404644168,0.306814592,-0.05014225,0.998326422,0.62701836,0.49650045,0.020834786,0.999877357,0.383717935,0.501008193,0.0167533,0.998623043,0.616327299,0.657405335,0.014231459,1.000007888,0.387883308,0.659096307,0.02563446,1.000591566,0.633386758,0.660387605,0.018301863,0.999752973,0.373567311,0.66085322,0.033177513,0.999143412,0.622780781,0.655927585,0.023251846,0.999404718,0.369907403,0.652810412,0.012339879,0.998274293,0.612707713,0.647106723,0.017281845,0.998333603,0.380421833,0.657991265,0.020345213,0.999614163,0.558874603,0.675314979,0.027857897,0.999373281,0.441766731,0.670771823,0.024559699,0.999272105,0.546904144,0.813373139,0.018845299,0.998998908,0.442436565,0.817167005,0.016038193,0.999338613,0.532218163,0.945525057,0.005061226,0.997738413,0.458788248,0.940881003,0.014134672,0.999634018,0.539060951,0.957832649,0.001453833,0.998617045,0.457365255,0.946138315,0.018348658,0.999579243,0.537549013,0.95152256,0.010327941,0.997399158,0.474970315,0.950442706,0.006656951,0.997919356
49,TRAIN/Cobra/cobra50.jpg,152.0894809,149.0653415,66.2076099,64.0984525,179.449111,177.0046574,190.9487774,72.0786862,165.5548797,166.1915226,164.3461739,300.5300119,146.7776893,148.4249243,0.509772773,0.146139096,-0.306031908,1.000531855,0.513533171,0.137637667,-0.303704782,1.00087564,0.521951992,0.130083446,-0.301794571,0.999171974,0.510177334,0.140849524,-0.292975464,0.998178148,0.499105621,0.137870577,-0.297246664,0.999389629,0.477996716,0.12741093,-0.289546813,1.000299585,0.479431532,0.126341113,-0.297485847,0.998196954,0.532144811,0.149318107,-0.251099585,1.000516861,0.469153187,0.14595685,-0.255364919,0.999002952,0.515722071,0.146107096,-0.268381404,1.000413196,0.492619618,0.145429521,-0.264200131,0.998481036,0.590587533,0.304322719,-0.048528265,0.999119163,0.408374433,0.297214227,-0.049128084,0.9981089,0.618237265,0.503863468,0.015192433,1.000474769,0.385472887,0.49038521,0.015501891,0.99938307,0.615037552,0.645440204,0.027432102,1.000583624,0.38625904,0.640678523,0.023820547,0.998218162,0.624740284,0.661408249,0.029250564,0.999229205,0.382525458,0.652482272,0.031226021,0.999281753,0.620107989,0.653701677,0.026976932,0.99878324,0.373586062,0.650763763,0.01369087,0.999725636,0.621933985,0.658851389,0.023963276,0.998461185,0.380702465,0.651493013,0.013371121,0.997423257,0.540239617,0.67829812,0.038604368,1.000566981,0.457758652,0.684368998,0.021336738,1.000878475,0.544093873,0.816120659,0.021599166,1.000149468,0.453942353,0.816378485,0.013682492,0.998739134,0.53235086,0.938185986,0.004257172,0.998183859,0.453246124,0.935569958,0.014645658,0.999318118,0.539368638,0.953737031,0.01367032,0.997138549,0.456809949,0.940255184,0.011123714,0.999837829,0.522508999,0.964242056,0.005677397,0.99886834,0.468969432,0.969040776,0.014753339,0.997618223
